uid,module,directory,title,classification,animation_gain,reason,gain_score,difficulty_score,transfer_score,feasibility_score,weighted_total,exam_frequency,evidence,existing_gif,deep_audit,risk,priority_rank,recommendation
S001,00_set,00_set/S001_Subset_Count,有限集合子集计数公式,B,逐步显露逐步组合、分类或命题变换，有助于看清先后依赖；连续运动收益有限,逐步组合、分类或命题变换；需按适用条件检查。,2,3,3,4,27,待确认（未使用频率统计）,00_set/S001_Subset_Count/meta.json; 00_set/S001_Subset_Count/01_statement.tex; 00_set/S001_Subset_Count/05_traps.tex,,no,,,第一轮候补
S003,00_set,00_set/S003_DeMorgan,德摩根律,B,逐步显露逐步组合、分类或命题变换，有助于看清先后依赖；连续运动收益有限,逐步组合、分类或命题变换；需按适用条件检查。,2,3,3,4,27,待确认（未使用频率统计）,00_set/S003_DeMorgan/meta.json; 00_set/S003_DeMorgan/01_statement.tex; 00_set/S003_DeMorgan/05_traps.tex,,no,,,第一轮候补
S005,00_set,00_set/S005_InclusionExclusion,两个集合的容斥原理,A,动态追踪集合区域或数量随对象加入而改变，静态页难同时呈现全过程与边界,集合区域或数量随对象加入而改变；需按适用条件检查。,3,3,3,4,31,待确认（未使用频率统计）,00_set/S005_InclusionExclusion/meta.json; 00_set/S005_InclusionExclusion/01_statement.tex; 00_set/S005_InclusionExclusion/05_traps.tex,,no,,,第一轮候补
S006,00_set,00_set/S006_Inclusion,集合包含关系等价判定,B,逐步显露逐步组合、分类或命题变换，有助于看清先后依赖；连续运动收益有限,逐步组合、分类或命题变换；需按适用条件检查。,2,3,3,4,27,待确认（未使用频率统计）,00_set/S006_Inclusion/meta.json; 00_set/S006_Inclusion/01_statement.tex; 00_set/S006_Inclusion/05_traps.tex,,no,,,第一轮候补
S008,00_set,00_set/S008_NegationForms,命题否定形式转换,B,逐步显露逐步组合、分类或命题变换，有助于看清先后依赖；连续运动收益有限,逐步组合、分类或命题变换；需按适用条件检查。,2,3,3,4,27,待确认（未使用频率统计）,00_set/S008_NegationForms/meta.json; 00_set/S008_NegationForms/01_statement.tex; 00_set/S008_NegationForms/05_traps.tex,,no,,,第一轮候补
S009,00_set,00_set/S009_FourPropositions,四种命题关系,B,逐步显露逐步组合、分类或命题变换，有助于看清先后依赖；连续运动收益有限,逐步组合、分类或命题变换；需按适用条件检查。,2,3,3,4,27,待确认（未使用频率统计）,00_set/S009_FourPropositions/meta.json; 00_set/S009_FourPropositions/01_statement.tex; 00_set/S009_FourPropositions/05_traps.tex,,no,,,第一轮候补
S010,00_set,00_set/S010_Necessary_and_Sufficient_Conditions,充分必要条件判定,B,逐步显露逐步组合、分类或命题变换，有助于看清先后依赖；连续运动收益有限,逐步组合、分类或命题变换；需按适用条件检查。,2,3,3,4,27,待确认（未使用频率统计）,00_set/S010_Necessary_and_Sufficient_Conditions/meta.json; 00_set/S010_Necessary_and_Sufficient_Conditions/01_statement.tex; 00_set/S010_Necessary_and_Sufficient_Conditions/05_traps.tex,,no,,,第一轮候补
S011,00_set,00_set/S011_set_element_conditions,集合元素的三大特性,C,,静态图或PDF更适合核对核心条件与结论；常见误区：忽略重复计数；未发现必须连续呈现的独立关系，暂缓GIF。,1,2,2,5,19,待确认（未使用频率统计）,00_set/S011_set_element_conditions/meta.json; 00_set/S011_set_element_conditions/01_statement.tex; 00_set/S011_set_element_conditions/05_traps.tex,,no,,,暂缓：静态优先
S012,00_set,00_set/S012_empty_set_subset,空集是任何集合的子集,C,,静态图或PDF更适合核对核心条件与结论；常见误区：混用属于与包含；未发现必须连续呈现的独立关系，暂缓GIF。,1,2,2,5,19,待确认（未使用频率统计）,00_set/S012_empty_set_subset/meta.json; 00_set/S012_empty_set_subset/01_statement.tex; 00_set/S012_empty_set_subset/05_traps.tex,,no,,,暂缓：静态优先
S013,00_set,00_set/S013_three_set_inclusion_exclusion,三集合容斥原理,A,动态追踪集合区域或数量随对象加入而改变，静态页难同时呈现全过程与边界,集合区域或数量随对象加入而改变；常见误区：符号顺序错。,3,3,3,4,31,待确认（未使用频率统计）,00_set/S013_three_set_inclusion_exclusion/meta.json; 00_set/S013_three_set_inclusion_exclusion/01_statement.tex; 00_set/S013_three_set_inclusion_exclusion/05_traps.tex,,no,,,第一轮候补
S014,00_set,00_set/S014_union_intersection_laws,集合的并交运算律（交换律、结合律、分配律）,B,逐步显露逐步组合、分类或命题变换，有助于看清先后依赖；连续运动收益有限,逐步组合、分类或命题变换；常见误区：误写分配形式。,2,3,3,4,27,待确认（未使用频率统计）,00_set/S014_union_intersection_laws/meta.json; 00_set/S014_union_intersection_laws/01_statement.tex; 00_set/S014_union_intersection_laws/05_traps.tex,,no,,,第一轮候补
S015,00_set,00_set/S015_complement_involution,双重补集还原律,C,,静态图或PDF更适合核对核心条件与结论；常见误区：忽视全集；未发现必须连续呈现的独立关系，暂缓GIF。,1,2,2,5,19,待确认（未使用频率统计）,00_set/S015_complement_involution/meta.json; 00_set/S015_complement_involution/01_statement.tex; 00_set/S015_complement_involution/05_traps.tex,,no,,,暂缓：静态优先
S016,00_set,00_set/S016_inclusion_exclusion_union_formula,容斥原理（两集合与三集合公式）,C,,静态图或PDF更适合核对核心条件与结论；常见误区：遗漏三交集项；未发现必须连续呈现的独立关系，暂缓GIF。,1,2,2,5,19,待确认（未使用频率统计）,00_set/S016_inclusion_exclusion_union_formula/meta.json; 00_set/S016_inclusion_exclusion_union_formula/01_statement.tex; 00_set/S016_inclusion_exclusion_union_formula/05_traps.tex,,no,,,暂缓：静态优先
S017,00_set,00_set/S017_subset_count_formula,子集个数公式,B,逐步显露逐步组合、分类或命题变换，有助于看清先后依赖；连续运动收益有限,逐步组合、分类或命题变换；常见误区：忽略空集。,2,3,3,4,27,待确认（未使用频率统计）,00_set/S017_subset_count_formula/meta.json; 00_set/S017_subset_count_formula/01_statement.tex; 00_set/S017_subset_count_formula/05_traps.tex,,no,,,第一轮候补
S018,00_set,00_set/S018_connectives_truth_table,基本命题运算真值表,B,逐步显露逐步组合、分类或命题变换，有助于看清先后依赖；连续运动收益有限,逐步组合、分类或命题变换；常见误区：合取析取混淆。,2,3,3,4,27,待确认（未使用频率统计）,00_set/S018_connectives_truth_table/meta.json; 00_set/S018_connectives_truth_table/01_statement.tex; 00_set/S018_connectives_truth_table/05_traps.tex,,no,,,第一轮候补
S019,00_set,00_set/S019_universal_quantifier_negation,全称命题否定规则,B,逐步显露逐步组合、分类或命题变换，有助于看清先后依赖；连续运动收益有限,逐步组合、分类或命题变换；常见误区：量词未换。,2,3,3,4,27,待确认（未使用频率统计）,00_set/S019_universal_quantifier_negation/meta.json; 00_set/S019_universal_quantifier_negation/01_statement.tex; 00_set/S019_universal_quantifier_negation/05_traps.tex,,no,,,第一轮候补
S020,00_set,00_set/S020_existential_quantifier_negation,存在量词命题的否定规则,B,逐步显露逐步组合、分类或命题变换，有助于看清先后依赖；连续运动收益有限,逐步组合、分类或命题变换；常见误区：量词未换。,2,3,3,4,27,待确认（未使用频率统计）,00_set/S020_existential_quantifier_negation/meta.json; 00_set/S020_existential_quantifier_negation/01_statement.tex; 00_set/S020_existential_quantifier_negation/05_traps.tex,,no,,,第一轮候补
S021,00_set,00_set/S021_negation_inverse_discrimination,命题的否定与否命题辨析,B,逐步显露逐步组合、分类或命题变换，有助于看清先后依赖；连续运动收益有限,逐步组合、分类或命题变换；常见误区：否定与否命题。,2,3,3,4,27,待确认（未使用频率统计）,00_set/S021_negation_inverse_discrimination/meta.json; 00_set/S021_negation_inverse_discrimination/01_statement.tex; 00_set/S021_negation_inverse_discrimination/05_traps.tex,,no,,,第一轮候补
S022,00_set,00_set/S022_implication_equivalence_transitivity,推出关系与等价关系的传递性,B,逐步显露逐步组合、分类或命题变换，有助于看清先后依赖；连续运动收益有限,逐步组合、分类或命题变换；常见误区：方向链颠倒。,2,3,3,4,27,待确认（未使用频率统计）,00_set/S022_implication_equivalence_transitivity/meta.json; 00_set/S022_implication_equivalence_transitivity/01_statement.tex; 00_set/S022_implication_equivalence_transitivity/05_traps.tex,,no,,,第一轮候补
S023,00_set,00_set/S023_subset_condition_criterion,子集法判定充要条件,B,逐步显露逐步组合、分类或命题变换，有助于看清先后依赖；连续运动收益有限,逐步组合、分类或命题变换；常见误区：方向混淆。,2,3,3,4,27,待确认（未使用频率统计）,00_set/S023_subset_condition_criterion/meta.json; 00_set/S023_subset_condition_criterion/01_statement.tex; 00_set/S023_subset_condition_criterion/05_traps.tex,,no,,,第一轮候补
S024,00_set,00_set/S024_quantifier_extrema_conversion,全称量词与存在量词不等式的最值转化,A,动态追踪集合区域或数量随对象加入而改变，静态页难同时呈现全过程与边界,集合区域或数量随对象加入而改变；常见误区：量词最值对应。,3,3,3,4,31,待确认（未使用频率统计）,00_set/S024_quantifier_extrema_conversion/meta.json; 00_set/S024_quantifier_extrema_conversion/01_statement.tex; 00_set/S024_quantifier_extrema_conversion/05_traps.tex,,no,,,第一轮候补
S025,00_set,00_set/S025_basic_set_operations,集合的基本运算,B,逐步显露逐步组合、分类或命题变换，有助于看清先后依赖；连续运动收益有限,逐步组合、分类或命题变换；常见误区：补集忽略全集。,2,3,3,4,27,待确认（未使用频率统计）,00_set/S025_basic_set_operations/meta.json; 00_set/S025_basic_set_operations/01_statement.tex; 00_set/S025_basic_set_operations/05_traps.tex,,no,,,第一轮候补
F001,01_function,01_function/F001_monotonicity,导数判定单调性,A,动态追踪曲线、切线或极值位置随参数连续变化，静态页难同时呈现全过程与边界,曲线、切线或极值位置随参数连续变化；需按适用条件检查。,3,3,3,4,31,待确认（未使用频率统计）,01_function/F001_monotonicity/meta.json; 01_function/F001_monotonicity/01_statement.tex; 01_function/F001_monotonicity/05_traps.tex,,no,,,第一轮候补
F002,01_function,01_function/F002_extrema,导数判定单调性,A,动态追踪曲线、切线或极值位置随参数连续变化，静态页难同时呈现全过程与边界,曲线、切线或极值位置随参数连续变化；需按适用条件检查。,3,3,3,4,31,待确认（未使用频率统计）,01_function/F002_extrema/meta.json; 01_function/F002_extrema/01_statement.tex; 01_function/F002_extrema/05_traps.tex,,no,,,第一轮候补
F003,01_function,01_function/F003_pade_common_functions,帕德逼近公式（常见函数）,B,逐步显露代数变形或构造推导可分步显示，有助于看清先后依赖；连续运动收益有限,代数变形或构造推导可分步显示；常见误区：适用范围。,2,3,3,4,27,待确认（未使用频率统计）,01_function/F003_pade_common_functions/meta.json; 01_function/F003_pade_common_functions/01_statement.tex; 01_function/F003_pade_common_functions/05_traps.tex,,no,,,第一轮候补
F004,01_function,01_function/F004_common_taylor_approximations,常见函数的局部多项式近似公式（泰勒展开）,B,逐步显露代数变形或构造推导可分步显示，有助于看清先后依赖；连续运动收益有限,代数变形或构造推导可分步显示；常见误区：范围误用。,2,3,3,4,27,待确认（未使用频率统计）,01_function/F004_common_taylor_approximations/meta.json; 01_function/F004_common_taylor_approximations/01_statement.tex; 01_function/F004_common_taylor_approximations/05_traps.tex,,no,,,第一轮候补
F005,01_function,01_function/F005_lhopital_rule_zero_zero,洛必达法则（0/0型）,B,逐步显露代数变形或构造推导可分步显示，有助于看清先后依赖；连续运动收益有限,代数变形或构造推导可分步显示；常见误区：未先验型。,2,3,3,4,27,待确认（未使用频率统计）,01_function/F005_lhopital_rule_zero_zero/meta.json; 01_function/F005_lhopital_rule_zero_zero/01_statement.tex; 01_function/F005_lhopital_rule_zero_zero/05_traps.tex,,no,,,第一轮候补
F006,01_function,01_function/F006_abstract_function_domain_transfer,抽象函数定义域互推规则,B,逐步显露代数变形或构造推导可分步显示，有助于看清先后依赖；连续运动收益有限,代数变形或构造推导可分步显示；常见误区：混淆自变量。,2,3,3,4,27,待确认（未使用频率统计）,01_function/F006_abstract_function_domain_transfer/meta.json; 01_function/F006_abstract_function_domain_transfer/01_statement.tex; 01_function/F006_abstract_function_domain_transfer/05_traps.tex,,no,,,第一轮候补
F007,01_function,01_function/F007_linear_fractional_range,一次分式函数值域公式：分离常数法,B,逐步显露代数变形或构造推导可分步显示，有助于看清先后依赖；连续运动收益有限,代数变形或构造推导可分步显示；常见误区：渐近线误解。,2,3,3,4,27,待确认（未使用频率统计）,01_function/F007_linear_fractional_range/meta.json; 01_function/F007_linear_fractional_range/01_statement.tex; 01_function/F007_linear_fractional_range/05_traps.tex,,no,,,第一轮候补
F008,01_function,01_function/F008_quadratic_rational_discriminant_range,判别式法求二次分式函数值域,B,逐步显露代数变形或构造推导可分步显示，有助于看清先后依赖；连续运动收益有限,代数变形或构造推导可分步显示；常见误区：忽略系数退化。,2,3,3,4,27,待确认（未使用频率统计）,01_function/F008_quadratic_rational_discriminant_range/meta.json; 01_function/F008_quadratic_rational_discriminant_range/01_statement.tex; 01_function/F008_quadratic_rational_discriminant_range/05_traps.tex,,no,,,第一轮候补
F009,01_function,01_function/F009_radical_range_substitution,换元法求根式函数的值域,B,逐步显露代数变形或构造推导可分步显示，有助于看清先后依赖；连续运动收益有限,代数变形或构造推导可分步显示；常见误区：忽略新元范围。,2,3,3,4,27,待确认（未使用频率统计）,01_function/F009_radical_range_substitution/meta.json; 01_function/F009_radical_range_substitution/01_statement.tex; 01_function/F009_radical_range_substitution/05_traps.tex,,no,,,第一轮候补
F010,01_function,01_function/F010_monotonic_range_endpoints,单调函数在闭区间上的值域,A,动态追踪曲线、切线或极值位置随参数连续变化，静态页难同时呈现全过程与边界,曲线、切线或极值位置随参数连续变化；常见误区：混淆区间开闭。,3,3,3,4,31,待确认（未使用频率统计）,01_function/F010_monotonic_range_endpoints/meta.json; 01_function/F010_monotonic_range_endpoints/01_statement.tex; 01_function/F010_monotonic_range_endpoints/05_traps.tex,,no,,,第一轮候补
F011,01_function,01_function/F011_ax_plus_b_over_x_range,对勾函数值域公式（基本不等式）,C,,静态图或PDF更适合核对核心条件与结论；常见误区：正负区间混淆；未发现必须连续呈现的独立关系，暂缓GIF。,1,2,2,5,19,待确认（未使用频率统计）,01_function/F011_ax_plus_b_over_x_range/meta.json; 01_function/F011_ax_plus_b_over_x_range/01_statement.tex; 01_function/F011_ax_plus_b_over_x_range/05_traps.tex,,no,,,暂缓：静态优先
F012,01_function,01_function/F012_distance_sum_range_geometric,双根号函数值域：几何意义法（距离型）,A,动态追踪曲线、切线或极值位置随参数连续变化，静态页难同时呈现全过程与边界,曲线、切线或极值位置随参数连续变化；常见误区：两点放在同侧}}]。,3,3,3,4,31,待确认（未使用频率统计）,01_function/F012_distance_sum_range_geometric/meta.json; 01_function/F012_distance_sum_range_geometric/01_statement.tex; 01_function/F012_distance_sum_range_geometric/05_traps.tex,,no,,,第一轮候补
F013,01_function,01_function/F013_composition_monotonicity_same_diff,复合函数的单调性（同增异减）,A,动态追踪曲线、切线或极值位置随参数连续变化，静态页难同时呈现全过程与边界,曲线、切线或极值位置随参数连续变化；常见误区：忽略值域。,3,3,3,4,31,待确认（未使用频率统计）,01_function/F013_composition_monotonicity_same_diff/meta.json; 01_function/F013_composition_monotonicity_same_diff/01_statement.tex; 01_function/F013_composition_monotonicity_same_diff/05_traps.tex,,no,,,第一轮候补
F014,01_function,01_function/F014_piecewise_monotone_condition,分段函数整体单调充要条件,A,动态追踪曲线、切线或极值位置随参数连续变化，静态页难同时呈现全过程与边界,曲线、切线或极值位置随参数连续变化；常见误区：只看两段，漏看接口。,3,3,3,4,31,待确认（未使用频率统计）,01_function/F014_piecewise_monotone_condition/meta.json; 01_function/F014_piecewise_monotone_condition/01_statement.tex; 01_function/F014_piecewise_monotone_condition/05_traps.tex,,no,,,第一轮候补
F015,01_function,01_function/F015_even_odd_domain_symmetry,函数奇偶性的必要条件与判定,B,逐步显露代数变形或构造推导可分步显示，有助于看清先后依赖；连续运动收益有限,代数变形或构造推导可分步显示；常见误区：忽略定义域检查。,2,3,3,4,27,待确认（未使用频率统计）,01_function/F015_even_odd_domain_symmetry/meta.json; 01_function/F015_even_odd_domain_symmetry/01_statement.tex; 01_function/F015_even_odd_domain_symmetry/05_traps.tex,,no,,,第一轮候补
F016,01_function,01_function/F016_odd_function_zero_at_origin,奇函数在原点处函数值为零,B,逐步显露代数变形或构造推导可分步显示，有助于看清先后依赖；连续运动收益有限,代数变形或构造推导可分步显示；常见误区：忽略定义域。,2,3,3,4,27,待确认（未使用频率统计）,01_function/F016_odd_function_zero_at_origin/meta.json; 01_function/F016_odd_function_zero_at_origin/01_statement.tex; 01_function/F016_odd_function_zero_at_origin/05_traps.tex,,no,,,第一轮候补
F017,01_function,01_function/F017_parity_arithmetic,奇偶函数四则运算规则（同奇同偶加减保奇偶，乘除同奇得偶、奇偶得奇、同偶得偶）,B,逐步显露代数变形或构造推导可分步显示，有助于看清先后依赖；连续运动收益有限,代数变形或构造推导可分步显示；常见误区：只看公式，不看定义域。,2,3,3,4,27,待确认（未使用频率统计）,01_function/F017_parity_arithmetic/meta.json; 01_function/F017_parity_arithmetic/01_statement.tex; 01_function/F017_parity_arithmetic/05_traps.tex,,no,,,第一轮候补
F018,01_function,01_function/F018_composite_parity_rule,复合函数奇偶性口诀：内偶则偶，内奇同外,B,逐步显露代数变形或构造推导可分步显示，有助于看清先后依赖；连续运动收益有限,代数变形或构造推导可分步显示；常见误区：忽略定义域。,2,3,3,4,27,待确认（未使用频率统计）,01_function/F018_composite_parity_rule/meta.json; 01_function/F018_composite_parity_rule/01_statement.tex; 01_function/F018_composite_parity_rule/05_traps.tex,,no,,,第一轮候补
F019,01_function,01_function/F019_odd_even_monotonic_inequality,奇偶单调等价转化：和式与绝对值比较,C,,静态图或PDF更适合核对核心条件与结论；常见误区：奇偶结论混淆；未发现必须连续呈现的独立关系，暂缓GIF。,1,2,2,5,19,待确认（未使用频率统计）,01_function/F019_odd_even_monotonic_inequality/meta.json; 01_function/F019_odd_even_monotonic_inequality/01_statement.tex; 01_function/F019_odd_even_monotonic_inequality/05_traps.tex,,no,,,暂缓：静态优先
F020,01_function,01_function/F020_function_axis_symmetry_condition,函数图象关于直线对称的充要条件,A,动态追踪曲线、切线或极值位置随参数连续变化，静态页难同时呈现全过程与边界,曲线、切线或极值位置随参数连续变化；常见误区：忽略定义域对称。,3,3,3,4,31,待确认（未使用频率统计）,01_function/F020_function_axis_symmetry_condition/meta.json; 01_function/F020_function_axis_symmetry_condition/01_statement.tex; 01_function/F020_function_axis_symmetry_condition/05_traps.tex,,no,,,第一轮候补
F021,01_function,01_function/F021_point_symmetry_criterion,函数图像关于点中心对称的充要条件,A,动态追踪曲线、切线或极值位置随参数连续变化，静态页难同时呈现全过程与边界,曲线、切线或极值位置随参数连续变化；常见误区：定义域忽略。,3,3,3,4,31,待确认（未使用频率统计）,01_function/F021_point_symmetry_criterion/meta.json; 01_function/F021_point_symmetry_criterion/01_statement.tex; 01_function/F021_point_symmetry_criterion/05_traps.tex,,no,,,第一轮候补
F022,01_function,01_function/F022_function_period_formulas,抽象函数周期公式（加常数、反号、倒数、差值型）,A,动态追踪曲线、切线或极值位置随参数连续变化，静态页难同时呈现全过程与边界,曲线、切线或极值位置随参数连续变化；常见误区：定义域平移封闭。,3,3,3,4,31,待确认（未使用频率统计）,01_function/F022_function_period_formulas/meta.json; 01_function/F022_function_period_formulas/01_statement.tex; 01_function/F022_function_period_formulas/05_traps.tex,,no,,,第一轮候补
F023,01_function,01_function/F023_period_symmetric_condition,函数周期判定： 则,B,逐步显露代数变形或构造推导可分步显示，有助于看清先后依赖；连续运动收益有限,代数变形或构造推导可分步显示；常见误区：周期误判。,2,3,3,4,27,待确认（未使用频率统计）,01_function/F023_period_symmetric_condition/meta.json; 01_function/F023_period_symmetric_condition/01_statement.tex; 01_function/F023_period_symmetric_condition/05_traps.tex,,no,,,第一轮候补
F024,01_function,01_function/F024_period_opposite_sign,抽象函数周期性,C,,静态图或PDF更适合核对核心条件与结论；常见误区：周期误判；未发现必须连续呈现的独立关系，暂缓GIF。,1,2,2,5,19,待确认（未使用频率统计）,01_function/F024_period_opposite_sign/meta.json; 01_function/F024_period_opposite_sign/01_statement.tex; 01_function/F024_period_opposite_sign/05_traps.tex,,no,,,暂缓：静态优先
F025,01_function,01_function/F025_reciprocal_period_condition,倒数型周期结论,B,逐步显露代数变形或构造推导可分步显示，有助于看清先后依赖；连续运动收益有限,代数变形或构造推导可分步显示；常见误区：非零条件。,2,3,3,4,27,待确认（未使用频率统计）,01_function/F025_reciprocal_period_condition/meta.json; 01_function/F025_reciprocal_period_condition/01_statement.tex; 01_function/F025_reciprocal_period_condition/05_traps.tex,,no,,,第一轮候补
F026,01_function,01_function/F026_double_symmetry_period,双对称性推周期：轴轴、点点、轴点三种情形,A,动态追踪曲线、切线或极值位置随参数连续变化，静态页难同时呈现全过程与边界,曲线、切线或极值位置随参数连续变化；常见误区：忽略轴距非零。 T是一个周期，不能默认最小正周期。,5,4,4,4,44,待确认（未使用频率统计）,01_function/F026_double_symmetry_period/meta.json; 01_function/F026_double_symmetry_period/01_statement.tex; 01_function/F026_double_symmetry_period/05_traps.tex; 02_explanation.tex; 03_proof.tex; 04_examples.tex; 06_summary.tex (same directory),,yes,T是一个周期，不能默认最小正周期,5,Top 10 候选
F027,01_function,01_function/F027_parity_symmetry_period,奇偶性与对称性导出周期公式,A,动态追踪曲线、切线或极值位置随参数连续变化，静态页难同时呈现全过程与边界,曲线、切线或极值位置随参数连续变化；常见误区：条件对应混淆。,3,3,3,4,31,待确认（未使用频率统计）,01_function/F027_parity_symmetry_period/meta.json; 01_function/F027_parity_symmetry_period/01_statement.tex; 01_function/F027_parity_symmetry_period/05_traps.tex,,no,,,第一轮候补
F028,01_function,01_function/F028_period_symmetry_chain,周期与对称性连锁性质,A,动态追踪曲线、切线或极值位置随参数连续变化，静态页难同时呈现全过程与边界,曲线、切线或极值位置随参数连续变化；常见误区：把“一组”误写成“全部”。,3,3,3,4,31,待确认（未使用频率统计）,01_function/F028_period_symmetry_chain/meta.json; 01_function/F028_period_symmetry_chain/01_statement.tex; 01_function/F028_period_symmetry_chain/05_traps.tex,,no,,,第一轮候补
F029,01_function,01_function/F029_quadratic_three_forms,二次函数的三种解析式形式,B,逐步显露代数变形或构造推导可分步显示，有助于看清先后依赖；连续运动收益有限,代数变形或构造推导可分步显示；常见误区：忽略二次项。,2,3,3,4,27,待确认（未使用频率统计）,01_function/F029_quadratic_three_forms/meta.json; 01_function/F029_quadratic_three_forms/01_statement.tex; 01_function/F029_quadratic_three_forms/05_traps.tex,,no,,,第一轮候补
F030,01_function,01_function/F030_quadratic_interval_extrema,二次函数区间最值（轴定区间定）,A,动态追踪曲线、切线或极值位置随参数连续变化，静态页难同时呈现全过程与边界,曲线、切线或极值位置随参数连续变化；常见误区：混淆开口方向。,3,3,3,4,31,待确认（未使用频率统计）,01_function/F030_quadratic_interval_extrema/meta.json; 01_function/F030_quadratic_interval_extrema/01_statement.tex; 01_function/F030_quadratic_interval_extrema/05_traps.tex,,no,,,第一轮候补
F031,01_function,01_function/F031_quadratic_moving_axis_extrema,二次函数在定区间上的最值（对称轴变动）,A,动态追踪曲线、切线或极值位置随参数连续变化，静态页难同时呈现全过程与边界,曲线、切线或极值位置随参数连续变化；常见误区：忽略区间内对称轴。,5,5,5,5,50,待确认（未使用频率统计）,01_function/F031_quadratic_moving_axis_extrema/meta.json; 01_function/F031_quadratic_moving_axis_extrema/01_statement.tex; 01_function/F031_quadratic_moving_axis_extrema/05_traps.tex; 02_explanation.tex; 03_proof.tex; 04_examples.tex; 06_summary.tex (same directory),,yes,,1,Top 10 候选
F032,01_function,01_function/F032_quadratic_interval_extrema,二次函数区间最值（轴定区间动）,A,动态追踪曲线、切线或极值位置随参数连续变化，静态页难同时呈现全过程与边界,曲线、切线或极值位置随参数连续变化；常见误区：忽略轴位。,3,3,3,4,31,待确认（未使用频率统计）,01_function/F032_quadratic_interval_extrema/meta.json; 01_function/F032_quadratic_interval_extrema/01_statement.tex; 01_function/F032_quadratic_interval_extrema/05_traps.tex,,no,,,第一轮候补
F033,01_function,01_function/F033_quadratic_positive_condition,二次函数恒正充要条件,B,逐步显露代数变形或构造推导可分步显示，有助于看清先后依赖；连续运动收益有限,代数变形或构造推导可分步显示；常见误区：忽略开口。,2,3,3,4,27,待确认（未使用频率统计）,01_function/F033_quadratic_positive_condition/meta.json; 01_function/F033_quadratic_positive_condition/01_statement.tex; 01_function/F033_quadratic_positive_condition/05_traps.tex,,no,,,第一轮候补
F034,01_function,01_function/F034_quadratic_root_distribution_criterion,二次函数根分布充要条件,A,动态追踪曲线、切线或极值位置随参数连续变化，静态页难同时呈现全过程与边界,曲线、切线或极值位置随参数连续变化；常见误区：$>0$漏写。,3,3,3,4,31,待确认（未使用频率统计）,01_function/F034_quadratic_root_distribution_criterion/meta.json; 01_function/F034_quadratic_root_distribution_criterion/01_statement.tex; 01_function/F034_quadratic_root_distribution_criterion/05_traps.tex,,no,,,第一轮候补
F035,01_function,01_function/F035_exponent_rules,指数幂的运算法则,B,逐步显露代数变形或构造推导可分步显示，有助于看清先后依赖；连续运动收益有限,代数变形或构造推导可分步显示；常见误区：底数不同误合。,2,3,3,4,27,待确认（未使用频率统计）,01_function/F035_exponent_rules/meta.json; 01_function/F035_exponent_rules/01_statement.tex; 01_function/F035_exponent_rules/05_traps.tex,,no,,,第一轮候补
F036,01_function,01_function/F036_logarithm_rules,对数运算法则（积商幂及换底公式）,B,逐步显露代数变形或构造推导可分步显示，有助于看清先后依赖；连续运动收益有限,代数变形或构造推导可分步显示；常见误区：忽视真数正负。,2,3,3,4,27,待确认（未使用频率统计）,01_function/F036_logarithm_rules/meta.json; 01_function/F036_logarithm_rules/01_statement.tex; 01_function/F036_logarithm_rules/05_traps.tex,,no,,,第一轮候补
F037,01_function,01_function/F037_logarithmic_identity,对数恒等式,B,逐步显露代数变形或构造推导可分步显示，有助于看清先后依赖；连续运动收益有限,代数变形或构造推导可分步显示；常见误区：底数条件。,2,3,3,4,27,待确认（未使用频率统计）,01_function/F037_logarithmic_identity/meta.json; 01_function/F037_logarithmic_identity/01_statement.tex; 01_function/F037_logarithmic_identity/05_traps.tex,,no,,,第一轮候补
F038,01_function,01_function/F038_exponential_function_properties,指数函数的基本性质（恒过定点、单调性、对称性）,C,,静态图或PDF更适合核对核心条件与结论；常见误区：底数与不等号方向；未发现必须连续呈现的独立关系，暂缓GIF。,1,2,2,5,19,待确认（未使用频率统计）,01_function/F038_exponential_function_properties/meta.json; 01_function/F038_exponential_function_properties/01_statement.tex; 01_function/F038_exponential_function_properties/05_traps.tex,,no,,,暂缓：静态优先
F039,01_function,01_function/F039_log_function_monotonicity_sign,对数函数图像性质,C,,静态图或PDF更适合核对核心条件与结论；常见误区：忽略定义域；未发现必须连续呈现的独立关系，暂缓GIF。,1,2,2,5,19,待确认（未使用频率统计）,01_function/F039_log_function_monotonicity_sign/meta.json; 01_function/F039_log_function_monotonicity_sign/01_statement.tex; 01_function/F039_log_function_monotonicity_sign/05_traps.tex,,no,,,暂缓：静态优先
F040,01_function,01_function/F040_power_function_graph_features,幂函数图像特征总结,C,,静态图或PDF更适合核对核心条件与结论；常见误区：过原点条件；未发现必须连续呈现的独立关系，暂缓GIF。,1,2,2,5,19,待确认（未使用频率统计）,01_function/F040_power_function_graph_features/meta.json; 01_function/F040_power_function_graph_features/01_statement.tex; 01_function/F040_power_function_graph_features/05_traps.tex,,no,,,暂缓：静态优先
F041,01_function,01_function/F041_exp_power_log_growth_comparison,指数函数、幂函数、对数函数增长速度比较,A,动态追踪曲线、切线或极值位置随参数连续变化，静态页难同时呈现全过程与边界,曲线、切线或极值位置随参数连续变化；常见误区：忽略参数范围。,3,3,3,4,31,待确认（未使用频率统计）,01_function/F041_exp_power_log_growth_comparison/meta.json; 01_function/F041_exp_power_log_growth_comparison/01_statement.tex; 01_function/F041_exp_power_log_growth_comparison/05_traps.tex,,no,,,第一轮候补
F042,01_function,01_function/F042_logarithm_sign_rule,对数正负判号法则（底真同区间）,B,逐步显露代数变形或构造推导可分步显示，有助于看清先后依赖；连续运动收益有限,代数变形或构造推导可分步显示；常见误区：忽略定义域。,2,3,3,4,27,待确认（未使用频率统计）,01_function/F042_logarithm_sign_rule/meta.json; 01_function/F042_logarithm_sign_rule/01_statement.tex; 01_function/F042_logarithm_sign_rule/05_traps.tex,,no,,,第一轮候补
F043,01_function,01_function/F043_horizontal_shift,函数图像的左右平移（左加右减）,A,动态追踪曲线、切线或极值位置随参数连续变化，静态页难同时呈现全过程与边界,曲线、切线或极值位置随参数连续变化；常见误区：方向混淆。,3,3,3,4,31,待确认（未使用频率统计）,01_function/F043_horizontal_shift/meta.json; 01_function/F043_horizontal_shift/01_statement.tex; 01_function/F043_horizontal_shift/05_traps.tex,,no,,,第一轮候补
F044,01_function,01_function/F044_function_vertical_translation,函数图像上下平移（上加下减）,A,动态追踪曲线、切线或极值位置随参数连续变化，静态页难同时呈现全过程与边界,曲线、切线或极值位置随参数连续变化；常见误区：方向混淆。,3,3,3,4,31,待确认（未使用频率统计）,01_function/F044_function_vertical_translation/meta.json; 01_function/F044_function_vertical_translation/01_statement.tex; 01_function/F044_function_vertical_translation/05_traps.tex,,no,,,第一轮候补
F045,01_function,01_function/F045_horizontal_scale_transform,函数图像横坐标伸缩变换,A,动态追踪曲线、切线或极值位置随参数连续变化，静态页难同时呈现全过程与边界,曲线、切线或极值位置随参数连续变化；常见误区：参数对应错误。,3,3,3,4,31,待确认（未使用频率统计）,01_function/F045_horizontal_scale_transform/meta.json; 01_function/F045_horizontal_scale_transform/01_statement.tex; 01_function/F045_horizontal_scale_transform/05_traps.tex,,no,,,第一轮候补
F046,01_function,01_function/F046_absolute_value_reflection,函数 的图像翻折变换,A,动态追踪曲线、切线或极值位置随参数连续变化，静态页难同时呈现全过程与边界,曲线、切线或极值位置随参数连续变化；常见误区：仅翻折轴下方。,3,3,3,4,31,待确认（未使用频率统计）,01_function/F046_absolute_value_reflection/meta.json; 01_function/F046_absolute_value_reflection/01_statement.tex; 01_function/F046_absolute_value_reflection/05_traps.tex,,no,,,第一轮候补
F047,01_function,01_function/F047_absolute_value_reflection_even,翻折变换：去左留右，右侧翻到左侧,A,动态追踪曲线、切线或极值位置随参数连续变化，静态页难同时呈现全过程与边界,曲线、切线或极值位置随参数连续变化；常见误区：翻折方向混淆。,3,3,3,4,31,待确认（未使用频率统计）,01_function/F047_absolute_value_reflection_even/meta.json; 01_function/F047_absolute_value_reflection_even/01_statement.tex; 01_function/F047_absolute_value_reflection_even/05_traps.tex,,no,,,第一轮候补
F048,01_function,01_function/F048_function_graph_symmetry_transform,函数图像的对称变换,A,动态追踪曲线、切线或极值位置随参数连续变化，静态页难同时呈现全过程与边界,曲线、切线或极值位置随参数连续变化；常见误区：对称轴混淆。,3,3,3,4,31,待确认（未使用频率统计）,01_function/F048_function_graph_symmetry_transform/meta.json; 01_function/F048_function_graph_symmetry_transform/01_statement.tex; 01_function/F048_function_graph_symmetry_transform/05_traps.tex,,no,,,第一轮候补
F049,01_function,01_function/F049_elementary_function_derivatives,基本初等函数的导数公式,B,逐步显露代数变形或构造推导可分步显示，有助于看清先后依赖；连续运动收益有限,代数变形或构造推导可分步显示；常见误区：底数忽略。,2,3,3,4,27,待确认（未使用频率统计）,01_function/F049_elementary_function_derivatives/meta.json; 01_function/F049_elementary_function_derivatives/01_statement.tex; 01_function/F049_elementary_function_derivatives/05_traps.tex,,no,,,第一轮候补
F050,01_function,01_function/F050_derivative_arithmetic,导数四则运算法则,B,逐步显露代数变形或构造推导可分步显示，有助于看清先后依赖；连续运动收益有限,代数变形或构造推导可分步显示；常见误区：乘积漏项。,2,3,3,4,27,待确认（未使用频率统计）,01_function/F050_derivative_arithmetic/meta.json; 01_function/F050_derivative_arithmetic/01_statement.tex; 01_function/F050_derivative_arithmetic/05_traps.tex,,no,,,第一轮候补
F051,01_function,01_function/F051_chain_rule,链式法则（复合函数求导）,B,逐步显露代数变形或构造推导可分步显示，有助于看清先后依赖；连续运动收益有限,代数变形或构造推导可分步显示；常见误区：漏乘内层导数。,2,3,3,4,27,待确认（未使用频率统计）,01_function/F051_chain_rule/meta.json; 01_function/F051_chain_rule/01_statement.tex; 01_function/F051_chain_rule/05_traps.tex,,no,,,第一轮候补
F052,01_function,01_function/F052_point_slope_tangent,切线方程的点斜式公式,A,动态追踪曲线、切线或极值位置随参数连续变化，静态页难同时呈现全过程与边界,曲线、切线或极值位置随参数连续变化；常见误区：切点误判。,3,3,3,4,31,待确认（未使用频率统计）,01_function/F052_point_slope_tangent/meta.json; 01_function/F052_point_slope_tangent/01_statement.tex; 01_function/F052_point_slope_tangent/05_traps.tex,,no,,,第一轮候补
F053,01_function,01_function/F053_monotonicity_five_types,含参函数单调性讨论的五类模板,A,动态追踪曲线、切线或极值位置随参数连续变化，静态页难同时呈现全过程与边界,曲线、切线或极值位置随参数连续变化；常见误区：忽略定义域。,3,3,3,4,31,待确认（未使用频率统计）,01_function/F053_monotonicity_five_types/meta.json; 01_function/F053_monotonicity_five_types/01_statement.tex; 01_function/F053_monotonicity_five_types/05_traps.tex,,no,,,第一轮候补
F054,01_function,01_function/F054_extremum_derivative_zero_condition,极值点的必要不充分条件：导数零点判定,A,动态追踪曲线、切线或极值位置随参数连续变化，静态页难同时呈现全过程与边界,曲线、切线或极值位置随参数连续变化；常见误区：充要混淆。,3,3,3,4,31,待确认（未使用频率统计）,01_function/F054_extremum_derivative_zero_condition/meta.json; 01_function/F054_extremum_derivative_zero_condition/01_statement.tex; 01_function/F054_extremum_derivative_zero_condition/05_traps.tex,,no,,,第一轮候补
F055,01_function,01_function/F055_first_derivative_test,极值第一充分条件,A,动态追踪曲线、切线或极值位置随参数连续变化，静态页难同时呈现全过程与边界,曲线、切线或极值位置随参数连续变化；常见误区：连续条件缺失。,3,3,3,4,31,待确认（未使用频率统计）,01_function/F055_first_derivative_test/meta.json; 01_function/F055_first_derivative_test/01_statement.tex; 01_function/F055_first_derivative_test/05_traps.tex,,no,,,第一轮候补
F056,01_function,01_function/F056_continuous_extreme_candidates,闭区间上连续函数最值定理,C,,静态图或PDF更适合核对核心条件与结论；常见误区：忽略端点；未发现必须连续呈现的独立关系，暂缓GIF。,1,2,2,5,19,待确认（未使用频率统计）,01_function/F056_continuous_extreme_candidates/meta.json; 01_function/F056_continuous_extreme_candidates/01_statement.tex; 01_function/F056_continuous_extreme_candidates/05_traps.tex,,no,,,暂缓：静态优先
F057,01_function,01_function/F057_extreme_point_sign_change_count,极值点判定与个数定理,A,动态追踪曲线、切线或极值位置随参数连续变化，静态页难同时呈现全过程与边界,曲线、切线或极值位置随参数连续变化；常见误区：驻点误判。,3,3,3,4,31,待确认（未使用频率统计）,01_function/F057_extreme_point_sign_change_count/meta.json; 01_function/F057_extreme_point_sign_change_count/01_statement.tex; 01_function/F057_extreme_point_sign_change_count/05_traps.tex,,no,,,第一轮候补
F058,01_function,01_function/F058_cubic_discriminant_monotonicity,三次函数极值点与单调性判别式,A,动态追踪曲线、切线或极值位置随参数连续变化，静态页难同时呈现全过程与边界,曲线、切线或极值位置随参数连续变化；常见误区：忽视三次项系数不为零。,3,3,3,4,31,待确认（未使用频率统计）,01_function/F058_cubic_discriminant_monotonicity/meta.json; 01_function/F058_cubic_discriminant_monotonicity/01_statement.tex; 01_function/F058_cubic_discriminant_monotonicity/05_traps.tex,,no,,,第一轮候补
F059,01_function,01_function/F059_cubic_symmetry_center,三次函数对称中心坐标公式,C,,静态图或PDF更适合核对核心条件与结论；常见误区：混淆拐点极值；未发现必须连续呈现的独立关系，暂缓GIF。,1,2,2,5,19,待确认（未使用频率统计）,01_function/F059_cubic_symmetry_center/meta.json; 01_function/F059_cubic_symmetry_center/01_statement.tex; 01_function/F059_cubic_symmetry_center/05_traps.tex,,no,,,暂缓：静态优先
F060,01_function,01_function/F060_cubic_zero_count_discriminant,三次函数零点个数判定,A,动态追踪曲线、切线或极值位置随参数连续变化，静态页难同时呈现全过程与边界,曲线、切线或极值位置随参数连续变化；常见误区：忽略判别式条件。,3,3,3,4,31,待确认（未使用频率统计）,01_function/F060_cubic_zero_count_discriminant/meta.json; 01_function/F060_cubic_zero_count_discriminant/01_statement.tex; 01_function/F060_cubic_zero_count_discriminant/05_traps.tex,,no,,,第一轮候补
F061,01_function,01_function/F061_parameter_separation_max_min,分离参数法（恒成立转化最值）,A,动态追踪曲线、切线或极值位置随参数连续变化，静态页难同时呈现全过程与边界,曲线、切线或极值位置随参数连续变化；常见误区：恒存混淆。,3,3,3,4,31,待确认（未使用频率统计）,01_function/F061_parameter_separation_max_min/meta.json; 01_function/F061_parameter_separation_max_min/01_statement.tex; 01_function/F061_parameter_separation_max_min/05_traps.tex,,no,,,第一轮候补
F062,01_function,01_function/F062_sign_varying_coefficient_classification,含参不等式恒成立（变号系数分类讨论法）,B,逐步显露代数变形或构造推导可分步显示，有助于看清先后依赖；连续运动收益有限,代数变形或构造推导可分步显示；常见误区：忽略零区间。,2,3,3,4,27,待确认（未使用频率统计）,01_function/F062_sign_varying_coefficient_classification/meta.json; 01_function/F062_sign_varying_coefficient_classification/01_statement.tex; 01_function/F062_sign_varying_coefficient_classification/05_traps.tex,,no,,,第一轮候补
F063,01_function,01_function/F063_existence_max_min_equivalence,存在性命题与最值转化,A,动态追踪曲线、切线或极值位置随参数连续变化，静态页难同时呈现全过程与边界,曲线、切线或极值位置随参数连续变化；常见误区：最值存在前提。,3,3,3,4,31,待确认（未使用频率统计）,01_function/F063_existence_max_min_equivalence/meta.json; 01_function/F063_existence_max_min_equivalence/01_statement.tex; 01_function/F063_existence_max_min_equivalence/05_traps.tex,,no,,,第一轮候补
F064,01_function,01_function/F064_forall_exists_min_max_equivalence,任意与存在型不等式等价转化（最值比较法）,B,逐步显露代数变形或构造推导可分步显示，有助于看清先后依赖；连续运动收益有限,代数变形或构造推导可分步显示；常见误区：最值对应混淆。,2,3,3,4,27,待确认（未使用频率统计）,01_function/F064_forall_exists_min_max_equivalence/meta.json; 01_function/F064_forall_exists_min_max_equivalence/01_statement.tex; 01_function/F064_forall_exists_min_max_equivalence/05_traps.tex,,no,,,第一轮候补
F065,01_function,01_function/F065_tangent_inequalities,常见切线不等式,C,,静态图或PDF更适合核对核心条件与结论；常见误区：忽略对数定义域；未发现必须连续呈现的独立关系，暂缓GIF。,1,2,2,5,19,待确认（未使用频率统计）,01_function/F065_tangent_inequalities/meta.json; 01_function/F065_tangent_inequalities/01_statement.tex; 01_function/F065_tangent_inequalities/05_traps.tex,,no,,,暂缓：静态优先
F066,01_function,01_function/F066_xf_construction_monotonicity,导数构造函数模型：x f(x)型,C,,静态图或PDF更适合核对核心条件与结论；常见误区：忽视符号条件；未发现必须连续呈现的独立关系，暂缓GIF。,1,2,2,5,19,待确认（未使用频率统计）,01_function/F066_xf_construction_monotonicity/meta.json; 01_function/F066_xf_construction_monotonicity/01_statement.tex; 01_function/F066_xf_construction_monotonicity/05_traps.tex,,no,,,暂缓：静态优先
F067,01_function,01_function/F067_f_over_x_monotonicity,构造函数判断单调性,C,,静态图或PDF更适合核对核心条件与结论；常见误区：定义域忽略；未发现必须连续呈现的独立关系，暂缓GIF。,1,2,2,5,19,待确认（未使用频率统计）,01_function/F067_f_over_x_monotonicity/meta.json; 01_function/F067_f_over_x_monotonicity/01_statement.tex; 01_function/F067_f_over_x_monotonicity/05_traps.tex,,no,,,暂缓：静态优先
F068,01_function,01_function/F068_exponential_factor_monotonicity,构造函数 f(x) 转化 f'(x)+f(x) 符号判单调,C,,静态图或PDF更适合核对核心条件与结论；常见误区：符号直接套用；未发现必须连续呈现的独立关系，暂缓GIF。,1,2,2,5,19,待确认（未使用频率统计）,01_function/F068_exponential_factor_monotonicity/meta.json; 01_function/F068_exponential_factor_monotonicity/01_statement.tex; 01_function/F068_exponential_factor_monotonicity/05_traps.tex,,no,,,暂缓：静态优先
F069,01_function,01_function/F069_exponential_auxiliary_monotonicity,导数构造函数：型,B,逐步显露代数变形或构造推导可分步显示，有助于看清先后依赖；连续运动收益有限,代数变形或构造推导可分步显示；常见误区：符号判断。,2,3,3,4,27,待确认（未使用频率统计）,01_function/F069_exponential_auxiliary_monotonicity/meta.json; 01_function/F069_exponential_auxiliary_monotonicity/01_statement.tex; 01_function/F069_exponential_auxiliary_monotonicity/05_traps.tex,,no,,,第一轮候补
F070,01_function,01_function/F070_exp_log_equivalence,隐零点代换关系：指数与对数等价互化,A,动态追踪曲线、切线或极值位置随参数连续变化，静态页难同时呈现全过程与边界,曲线、切线或极值位置随参数连续变化；常见误区：忽略定义域。,3,3,3,4,31,待确认（未使用频率统计）,01_function/F070_exp_log_equivalence/meta.json; 01_function/F070_exp_log_equivalence/01_statement.tex; 01_function/F070_exp_log_equivalence/05_traps.tex,,no,,,第一轮候补
F071,01_function,01_function/F071_extreme_shift_log_mean,极值点偏移：对数均值不等式法,A,动态追踪曲线、切线或极值位置随参数连续变化，静态页难同时呈现全过程与边界,曲线、切线或极值位置随参数连续变化；常见误区：忽视定义域。,3,3,3,4,31,待确认（未使用频率统计）,01_function/F071_extreme_shift_log_mean/meta.json; 01_function/F071_extreme_shift_log_mean/01_statement.tex; 01_function/F071_extreme_shift_log_mean/05_traps.tex,,no,,,第一轮候补
F072,01_function,01_function/F072_homogeneous_substitution_ratio,齐次换元法（比值换元）,B,逐步显露代数变形或构造推导可分步显示，有助于看清先后依赖；连续运动收益有限,代数变形或构造推导可分步显示；常见误区：齐次性验证。,2,3,3,4,27,待确认（未使用频率统计）,01_function/F072_homogeneous_substitution_ratio/meta.json; 01_function/F072_homogeneous_substitution_ratio/01_statement.tex; 01_function/F072_homogeneous_substitution_ratio/05_traps.tex,,no,,,第一轮候补
F073,01_function,01_function/F073_lhopital_endpoint,洛必达法则与端点效应,C,,静态图或PDF更适合核对核心条件与结论；常见误区：未定式误判；未发现必须连续呈现的独立关系，暂缓GIF。,1,2,2,5,19,待确认（未使用频率统计）,01_function/F073_lhopital_endpoint/meta.json; 01_function/F073_lhopital_endpoint/01_statement.tex; 01_function/F073_lhopital_endpoint/05_traps.tex,,no,,,暂缓：静态优先
F074,01_function,01_function/F074_parameter_inequality_necessary_condition,必要性探路（先猜后证）,B,逐步显露代数变形或构造推导可分步显示，有助于看清先后依赖；连续运动收益有限,代数变形或构造推导可分步显示；常见误区：遗漏特殊点。,2,3,3,4,27,待确认（未使用频率统计）,01_function/F074_parameter_inequality_necessary_condition/meta.json; 01_function/F074_parameter_inequality_necessary_condition/01_statement.tex; 01_function/F074_parameter_inequality_necessary_condition/05_traps.tex,,no,,,第一轮候补
F075,01_function,01_function/F075_exp_log_tangent_bounds,指数对数切线放缩不等式,C,,静态图或PDF更适合核对核心条件与结论；常见误区：忽略定义域；未发现必须连续呈现的独立关系，暂缓GIF。,1,2,2,5,19,待确认（未使用频率统计）,01_function/F075_exp_log_tangent_bounds/meta.json; 01_function/F075_exp_log_tangent_bounds/01_statement.tex; 01_function/F075_exp_log_tangent_bounds/05_traps.tex,,no,,,暂缓：静态优先
F076,01_function,01_function/F076_strict_monotonic_unwrapping,同构脱壳原理（严格单调函数脱壳）,B,逐步显露代数变形或构造推导可分步显示，有助于看清先后依赖；连续运动收益有限,代数变形或构造推导可分步显示；常见误区：忽略单调条件。,2,3,3,4,27,待确认（未使用频率统计）,01_function/F076_strict_monotonic_unwrapping/meta.json; 01_function/F076_strict_monotonic_unwrapping/01_statement.tex; 01_function/F076_strict_monotonic_unwrapping/05_traps.tex,,no,,,第一轮候补
F077,01_function,01_function/F077_exp_log_tangent_inequality,指对同构基本不等式（切线放缩）,B,逐步显露代数变形或构造推导可分步显示，有助于看清先后依赖；连续运动收益有限,代数变形或构造推导可分步显示；常见误区：忽视定义域。,2,3,3,4,27,待确认（未使用频率统计）,01_function/F077_exp_log_tangent_inequality/meta.json; 01_function/F077_exp_log_tangent_inequality/01_statement.tex; 01_function/F077_exp_log_tangent_inequality/05_traps.tex,,no,,,第一轮候补
F078,01_function,01_function/F078_continuous_monotonic_unique_zero,连续单调函数零点唯一性定理,A,动态追踪曲线、切线或极值位置随参数连续变化，静态页难同时呈现全过程与边界,曲线、切线或极值位置随参数连续变化；常见误区：忽视单调性。,3,3,3,4,31,待确认（未使用频率统计）,01_function/F078_continuous_monotonic_unique_zero/meta.json; 01_function/F078_continuous_monotonic_unique_zero/01_statement.tex; 01_function/F078_continuous_monotonic_unique_zero/05_traps.tex,,no,,,第一轮候补
L001,02_sequence,02_sequence/L001_arithmetic_geometric_sum,等差乘等比数列求和公式,B,逐步显露公式推导或求和相消可分步显示，有助于看清先后依赖；连续运动收益有限,公式推导或求和相消可分步显示；常见误区：忽略q≠1。,2,3,3,4,27,待确认（未使用频率统计）,02_sequence/L001_arithmetic_geometric_sum/meta.json; 02_sequence/L001_arithmetic_geometric_sum/01_statement.tex; 02_sequence/L001_arithmetic_geometric_sum/05_traps.tex,,no,,,第一轮候补
L002,02_sequence,02_sequence/L002_arithmetic_series_sum,等差数列前n项和公式,B,逐步显露公式推导或求和相消可分步显示，有助于看清先后依赖；连续运动收益有限,公式推导或求和相消可分步显示；常见误区：项数概念混淆。,2,3,3,4,27,待确认（未使用频率统计）,02_sequence/L002_arithmetic_series_sum/meta.json; 02_sequence/L002_arithmetic_series_sum/01_statement.tex; 02_sequence/L002_arithmetic_series_sum/05_traps.tex,,no,,,第一轮候补
L003,02_sequence,02_sequence/L003_geometric_series_sum_formula,等比数列前n项和公式,B,逐步显露公式推导或求和相消可分步显示，有助于看清先后依赖；连续运动收益有限,公式推导或求和相消可分步显示；常见误区：忽略q=1。,2,3,3,4,27,待确认（未使用频率统计）,02_sequence/L003_geometric_series_sum_formula/meta.json; 02_sequence/L003_geometric_series_sum_formula/01_statement.tex; 02_sequence/L003_geometric_series_sum_formula/05_traps.tex,,no,,,第一轮候补
L004,02_sequence,02_sequence/L004_arithmetic_index_sum_equality,等差数列下标和性质,B,逐步显露公式推导或求和相消可分步显示，有助于看清先后依赖；连续运动收益有限,公式推导或求和相消可分步显示；常见误区：误用连续项。,2,3,3,4,27,待确认（未使用频率统计）,02_sequence/L004_arithmetic_index_sum_equality/meta.json; 02_sequence/L004_arithmetic_index_sum_equality/01_statement.tex; 02_sequence/L004_arithmetic_index_sum_equality/05_traps.tex,,no,,,第一轮候补
L005,02_sequence,02_sequence/L005_geometric_index_sum_product,等比数列下标和性质：乘积相等,B,逐步显露公式推导或求和相消可分步显示，有助于看清先后依赖；连续运动收益有限,公式推导或求和相消可分步显示；常见误区：误判条件。,2,3,3,4,27,待确认（未使用频率统计）,02_sequence/L005_geometric_index_sum_product/meta.json; 02_sequence/L005_geometric_index_sum_product/01_statement.tex; 02_sequence/L005_geometric_index_sum_product/05_traps.tex,,no,,,第一轮候补
L006,02_sequence,02_sequence/L006_factorial_sum_identity,阶乘裂项求和公式,B,逐步显露公式推导或求和相消可分步显示，有助于看清先后依赖；连续运动收益有限,公式推导或求和相消可分步显示；常见误区：漏掉减一。,2,3,3,4,27,待确认（未使用频率统计）,02_sequence/L006_factorial_sum_identity/meta.json; 02_sequence/L006_factorial_sum_identity/01_statement.tex; 02_sequence/L006_factorial_sum_identity/05_traps.tex,,no,,,第一轮候补
L007,02_sequence,02_sequence/L007_arithmetic_sequence_general_term,等差数列通项公式,B,逐步显露公式推导或求和相消可分步显示，有助于看清先后依赖；连续运动收益有限,公式推导或求和相消可分步显示；常见误区：项数混淆。,2,3,3,4,27,待确认（未使用频率统计）,02_sequence/L007_arithmetic_sequence_general_term/meta.json; 02_sequence/L007_arithmetic_sequence_general_term/01_statement.tex; 02_sequence/L007_arithmetic_sequence_general_term/05_traps.tex,,no,,,第一轮候补
L008,02_sequence,02_sequence/L008_geometric_sequence_general_term,等比数列通项公式,B,逐步显露公式推导或求和相消可分步显示，有助于看清先后依赖；连续运动收益有限,公式推导或求和相消可分步显示；常见误区：指数写错。,2,3,3,4,27,待确认（未使用频率统计）,02_sequence/L008_geometric_sequence_general_term/meta.json; 02_sequence/L008_geometric_sequence_general_term/01_statement.tex; 02_sequence/L008_geometric_sequence_general_term/05_traps.tex,,no,,,第一轮候补
L009,02_sequence,02_sequence/L009_arithmetic_mean_middle_term,等差中项公式（连续三项等差则中间项等于前后项算术平均数）,B,逐步显露公式推导或求和相消可分步显示，有助于看清先后依赖；连续运动收益有限,公式推导或求和相消可分步显示；常见误区：公式系数遗忘。,2,3,3,4,27,待确认（未使用频率统计）,02_sequence/L009_arithmetic_mean_middle_term/meta.json; 02_sequence/L009_arithmetic_mean_middle_term/01_statement.tex; 02_sequence/L009_arithmetic_mean_middle_term/05_traps.tex,,no,,,第一轮候补
L010,02_sequence,02_sequence/L010_geometric_mean_square_equality,等比中项公式：平方等于两端积，符号需取舍,B,逐步显露公式推导或求和相消可分步显示，有助于看清先后依赖；连续运动收益有限,公式推导或求和相消可分步显示；常见误区：符号遗漏。,2,3,3,4,27,待确认（未使用频率统计）,02_sequence/L010_geometric_mean_square_equality/meta.json; 02_sequence/L010_geometric_mean_square_equality/01_statement.tex; 02_sequence/L010_geometric_mean_square_equality/05_traps.tex,,no,,,第一轮候补
L011,02_sequence,02_sequence/L011_arithmetic_sequence_term_relation,等差数列任意两项关系,B,逐步显露公式推导或求和相消可分步显示，有助于看清先后依赖；连续运动收益有限,公式推导或求和相消可分步显示；常见误区：混淆首项。,2,3,3,4,27,待确认（未使用频率统计）,02_sequence/L011_arithmetic_sequence_term_relation/meta.json; 02_sequence/L011_arithmetic_sequence_term_relation/01_statement.tex; 02_sequence/L011_arithmetic_sequence_term_relation/05_traps.tex,,no,,,第一轮候补
L012,02_sequence,02_sequence/L012_geometric_terms_relation,等比数列任意两项关系,B,逐步显露公式推导或求和相消可分步显示，有助于看清先后依赖；连续运动收益有限,公式推导或求和相消可分步显示；常见误区：公比为零。,2,3,3,4,27,待确认（未使用频率统计）,02_sequence/L012_geometric_terms_relation/meta.json; 02_sequence/L012_geometric_terms_relation/01_statement.tex; 02_sequence/L012_geometric_terms_relation/05_traps.tex,,no,,,第一轮候补
L013,02_sequence,02_sequence/L013_arithmetic_sum_quadratic,等差数列前n项和二次函数性质,A,动态追踪递推迭代、部分和或构造数列逐步变化，静态页难同时呈现全过程与边界,递推迭代、部分和或构造数列逐步变化；常见误区：忽略非零差。,3,3,3,4,31,待确认（未使用频率统计）,02_sequence/L013_arithmetic_sum_quadratic/meta.json; 02_sequence/L013_arithmetic_sum_quadratic/01_statement.tex; 02_sequence/L013_arithmetic_sum_quadratic/05_traps.tex,,no,,,第一轮候补
L014,02_sequence,02_sequence/L014_ap_sum_extremum_sign,等差数列前n项和的最值条件（符号判定法）,A,动态追踪递推迭代、部分和或构造数列逐步变化，静态页难同时呈现全过程与边界,递推迭代、部分和或构造数列逐步变化；常见误区：公差为零。,3,3,3,4,31,待确认（未使用频率统计）,02_sequence/L014_ap_sum_extremum_sign/meta.json; 02_sequence/L014_ap_sum_extremum_sign/01_statement.tex; 02_sequence/L014_ap_sum_extremum_sign/05_traps.tex,,no,,,第一轮候补
L015,02_sequence,02_sequence/L015_arithmetic_progression_equidistant_segment_sum,等差数列等距分段求和性质,B,逐步显露公式推导或求和相消可分步显示，有助于看清先后依赖；连续运动收益有限,公式推导或求和相消可分步显示；常见误区：公差误判。,2,3,3,4,27,待确认（未使用频率统计）,02_sequence/L015_arithmetic_progression_equidistant_segment_sum/meta.json; 02_sequence/L015_arithmetic_progression_equidistant_segment_sum/01_statement.tex; 02_sequence/L015_arithmetic_progression_equidistant_segment_sum/05_traps.tex,,no,,,第一轮候补
L016,02_sequence,02_sequence/L016_geometric_sequence_segment_sums,等比数列片段和性质,B,逐步显露公式推导或求和相消可分步显示，有助于看清先后依赖；连续运动收益有限,公式推导或求和相消可分步显示；常见误区：忽略分母为零。,2,3,3,4,27,待确认（未使用频率统计）,02_sequence/L016_geometric_sequence_segment_sums/meta.json; 02_sequence/L016_geometric_sequence_segment_sums/01_statement.tex; 02_sequence/L016_geometric_sequence_segment_sums/05_traps.tex,,no,,,第一轮候补
L017,02_sequence,02_sequence/L017_arithmetic_mean_sequence,等差数列前n项平均值构成等差数列,B,逐步显露公式推导或求和相消可分步显示，有助于看清先后依赖；连续运动收益有限,公式推导或求和相消可分步显示；常见误区：前项和等差。,2,3,3,4,27,待确认（未使用频率统计）,02_sequence/L017_arithmetic_mean_sequence/meta.json; 02_sequence/L017_arithmetic_mean_sequence/01_statement.tex; 02_sequence/L017_arithmetic_mean_sequence/05_traps.tex,,no,,,第一轮候补
L018,02_sequence,02_sequence/L018_geometric_series_partial_sum_ratio,等比数列片段和比值公式,B,逐步显露公式推导或求和相消可分步显示，有助于看清先后依赖；连续运动收益有限,公式推导或求和相消可分步显示；常见误区：分母非零条件。,2,3,3,4,27,待确认（未使用频率统计）,02_sequence/L018_geometric_series_partial_sum_ratio/meta.json; 02_sequence/L018_geometric_series_partial_sum_ratio/01_statement.tex; 02_sequence/L018_geometric_series_partial_sum_ratio/05_traps.tex,,no,,,第一轮候补
L019,02_sequence,02_sequence/L019_sum_to_term_formula,已知前n项和求通项公式,A,动态追踪递推迭代、部分和或构造数列逐步变化，静态页难同时呈现全过程与边界,递推迭代、部分和或构造数列逐步变化；常见误区：忽略首项验证。,3,3,3,4,31,待确认（未使用频率统计）,02_sequence/L019_sum_to_term_formula/meta.json; 02_sequence/L019_sum_to_term_formula/01_statement.tex; 02_sequence/L019_sum_to_term_formula/05_traps.tex,,no,,,第一轮候补
L020,02_sequence,02_sequence/L020_general_term_accumulation,累加法求通项公式,A,动态追踪递推迭代、部分和或构造数列逐步变化，静态页难同时呈现全过程与边界,递推迭代、部分和或构造数列逐步变化；常见误区：下标范围。,3,3,3,4,31,待确认（未使用频率统计）,02_sequence/L020_general_term_accumulation/meta.json; 02_sequence/L020_general_term_accumulation/01_statement.tex; 02_sequence/L020_general_term_accumulation/05_traps.tex,,no,,,第一轮候补
L021,02_sequence,02_sequence/L021_sequence_product_formula,累乘法求数列通项,A,动态追踪递推迭代、部分和或构造数列逐步变化，静态页难同时呈现全过程与边界,递推迭代、部分和或构造数列逐步变化；常见误区：连乘范围。,3,3,3,4,31,待确认（未使用频率统计）,02_sequence/L021_sequence_product_formula/meta.json; 02_sequence/L021_sequence_product_formula/01_statement.tex; 02_sequence/L021_sequence_product_formula/05_traps.tex,,no,,,第一轮候补
L022,02_sequence,02_sequence/L022_first_order_linear_fixed_point,一阶线性递推通项公式（不动点法）,A,动态追踪递推迭代、部分和或构造数列逐步变化，静态页难同时呈现全过程与边界,递推迭代、部分和或构造数列逐步变化；常见误区：忽略p≠1。,4,3,4,5,38,待确认（未使用频率统计）,02_sequence/L022_first_order_linear_fixed_point/meta.json; 02_sequence/L022_first_order_linear_fixed_point/01_statement.tex; 02_sequence/L022_first_order_linear_fixed_point/05_traps.tex; 02_explanation.tex; 03_proof.tex; 04_examples.tex; 06_summary.tex (same directory),,yes,,,深审后候补
L023,02_sequence,02_sequence/L023_affine_recurrence_geometric_construction,一次函数型递推通项公式：等比构造法,A,动态追踪递推迭代、部分和或构造数列逐步变化，静态页难同时呈现全过程与边界,递推迭代、部分和或构造数列逐步变化；常见误区：条件检查。,3,3,3,4,31,待确认（未使用频率统计）,02_sequence/L023_affine_recurrence_geometric_construction/meta.json; 02_sequence/L023_affine_recurrence_geometric_construction/01_statement.tex; 02_sequence/L023_affine_recurrence_geometric_construction/05_traps.tex,,no,,,第一轮候补
L024,02_sequence,02_sequence/L024_divide_power_construction,递推 =+ 的同除变换构造法,A,动态追踪递推迭代、部分和或构造数列逐步变化，静态页难同时呈现全过程与边界,递推迭代、部分和或构造数列逐步变化；常见误区：忽略分母为零。,3,3,3,4,31,待确认（未使用频率统计）,02_sequence/L024_divide_power_construction/meta.json; 02_sequence/L024_divide_power_construction/01_statement.tex; 02_sequence/L024_divide_power_construction/05_traps.tex,,no,,,第一轮候补
L025,02_sequence,02_sequence/L025_fractional_reciprocal_transform,分式递推倒数变换化线性,A,动态追踪递推迭代、部分和或构造数列逐步变化，静态页难同时呈现全过程与边界,递推迭代、部分和或构造数列逐步变化；常见误区：忽略零项隐患。,3,3,3,4,31,待确认（未使用频率统计）,02_sequence/L025_fractional_reciprocal_transform/meta.json; 02_sequence/L025_fractional_reciprocal_transform/01_statement.tex; 02_sequence/L025_fractional_reciprocal_transform/05_traps.tex,,no,,,第一轮候补
L026,02_sequence,02_sequence/L026_second_order_linear_recurrence_characteristic_root,二阶线性递推特征根法,B,逐步显露公式推导或求和相消可分步显示，有助于看清先后依赖；连续运动收益有限,公式推导或求和相消可分步显示；常见误区：特征方程符号。,2,3,3,4,27,待确认（未使用频率统计）,02_sequence/L026_second_order_linear_recurrence_characteristic_root/meta.json; 02_sequence/L026_second_order_linear_recurrence_characteristic_root/01_statement.tex; 02_sequence/L026_second_order_linear_recurrence_characteristic_root/05_traps.tex,,no,,,第一轮候补
L027,02_sequence,02_sequence/L027_fixed_point_fractional_recurrence,不动点法求分式递推通项,A,动态追踪递推迭代、部分和或构造数列逐步变化，静态页难同时呈现全过程与边界,递推迭代、部分和或构造数列逐步变化；常见误区：分母非零条件。 暂缓：AD-BC≠0下所谓系数退化分支不可能；另须检查各项分母。,4,5,2,1,36,待确认（未使用频率统计）,02_sequence/L027_fixed_point_fractional_recurrence/meta.json; 02_sequence/L027_fixed_point_fractional_recurrence/01_statement.tex; 02_sequence/L027_fixed_point_fractional_recurrence/05_traps.tex; 02_explanation.tex; 03_proof.tex; 04_examples.tex; 06_summary.tex (same directory),,yes,暂缓：AD-BC≠0下所谓系数退化分支不可能；另须检查各项分母,,数学核验前暂缓
L028,02_sequence,02_sequence/L028_alternating_recurrence_odd_even_terms,隔项线性递推数列奇偶项通项公式,A,动态追踪递推迭代、部分和或构造数列逐步变化，静态页难同时呈现全过程与边界,递推迭代、部分和或构造数列逐步变化；常见误区：分类遗漏。,3,3,3,4,31,待确认（未使用频率统计）,02_sequence/L028_alternating_recurrence_odd_even_terms/meta.json; 02_sequence/L028_alternating_recurrence_odd_even_terms/01_statement.tex; 02_sequence/L028_alternating_recurrence_odd_even_terms/05_traps.tex,,no,,,第一轮候补
L029,02_sequence,02_sequence/L029_sequence_induction_formula,数学归纳法证明通项公式（先猜后证）,A,动态追踪递推迭代、部分和或构造数列逐步变化，静态页难同时呈现全过程与边界,递推迭代、部分和或构造数列逐步变化；常见误区：忽略起点验证。,3,3,3,4,31,待确认（未使用频率统计）,02_sequence/L029_sequence_induction_formula/meta.json; 02_sequence/L029_sequence_induction_formula/01_statement.tex; 02_sequence/L029_sequence_induction_formula/05_traps.tex,,no,,,第一轮候补
L030,02_sequence,02_sequence/L030_auxiliary_sequence_construction,构造辅助数列法,C,,静态图或PDF更适合核对核心条件与结论；常见误区：忽略p=1情形；未发现必须连续呈现的独立关系，暂缓GIF。,1,2,2,5,19,待确认（未使用频率统计）,02_sequence/L030_auxiliary_sequence_construction/meta.json; 02_sequence/L030_auxiliary_sequence_construction/01_statement.tex; 02_sequence/L030_auxiliary_sequence_construction/05_traps.tex,,no,,,暂缓：静态优先
L031,02_sequence,02_sequence/L031_arithmetic_geometric_sum_formulas,等差数列等比数列求和公式与自然数幂和公式,B,逐步显露公式推导或求和相消可分步显示，有助于看清先后依赖；连续运动收益有限,公式推导或求和相消可分步显示；常见误区：项数常数误记。,2,3,3,4,27,待确认（未使用频率统计）,02_sequence/L031_arithmetic_geometric_sum_formulas/meta.json; 02_sequence/L031_arithmetic_geometric_sum_formulas/01_statement.tex; 02_sequence/L031_arithmetic_geometric_sum_formulas/05_traps.tex,,no,,,第一轮候补
L032,02_sequence,02_sequence/L032_telescoping_fraction,裂项相消基本公式（分母为一次因式乘积）,A,动态追踪递推迭代、部分和或构造数列逐步变化，静态页难同时呈现全过程与边界,递推迭代、部分和或构造数列逐步变化；常见误区：遗漏系数。,3,3,3,4,31,待确认（未使用频率统计）,02_sequence/L032_telescoping_fraction/meta.json; 02_sequence/L032_telescoping_fraction/01_statement.tex; 02_sequence/L032_telescoping_fraction/05_traps.tex,,no,,,第一轮候补
L033,02_sequence,02_sequence/L033_radical_telescoping,根式型裂项相消公式,C,,静态图或PDF更适合核对核心条件与结论；常见误区：随意相消；未发现必须连续呈现的独立关系，暂缓GIF。,1,2,2,5,19,待确认（未使用频率统计）,02_sequence/L033_radical_telescoping/meta.json; 02_sequence/L033_radical_telescoping/01_statement.tex; 02_sequence/L033_radical_telescoping/05_traps.tex,,no,,,暂缓：静态优先
L034,02_sequence,02_sequence/L034_log_telescoping,对数型裂项恒等式,B,逐步显露公式推导或求和相消可分步显示，有助于看清先后依赖；连续运动收益有限,公式推导或求和相消可分步显示；常见误区：只检查左边真数，不检查裂项后的真数。,2,3,3,4,27,待确认（未使用频率统计）,02_sequence/L034_log_telescoping/meta.json; 02_sequence/L034_log_telescoping/01_statement.tex; 02_sequence/L034_log_telescoping/05_traps.tex,,no,,,第一轮候补
L035,02_sequence,02_sequence/L035_factorial_telescoping_sum,阶乘型裂项相消求和,A,动态追踪递推迭代、部分和或构造数列逐步变化，静态页难同时呈现全过程与边界,递推迭代、部分和或构造数列逐步变化；常见误区：忽略定义域。,3,3,3,4,31,待确认（未使用频率统计）,02_sequence/L035_factorial_telescoping_sum/meta.json; 02_sequence/L035_factorial_telescoping_sum/01_statement.tex; 02_sequence/L035_factorial_telescoping_sum/05_traps.tex,,no,,,第一轮候补
L036,02_sequence,02_sequence/L036_arithmetic_geometric_sum,等差乘等比前n项和公式,C,,静态图或PDF更适合核对核心条件与结论；常见误区：公比条件忽略；未发现必须连续呈现的独立关系，暂缓GIF。,1,2,2,5,19,待确认（未使用频率统计）,02_sequence/L036_arithmetic_geometric_sum/meta.json; 02_sequence/L036_arithmetic_geometric_sum/01_statement.tex; 02_sequence/L036_arithmetic_geometric_sum/05_traps.tex,,no,,,暂缓：静态优先
L037,02_sequence,02_sequence/L037_arithmetic_geometric_split_sum,分组求和法（等差+等比拆分）,B,逐步显露公式推导或求和相消可分步显示，有助于看清先后依赖；连续运动收益有限,公式推导或求和相消可分步显示；常见误区：忽略公比分类。,2,3,3,4,27,待确认（未使用频率统计）,02_sequence/L037_arithmetic_geometric_split_sum/meta.json; 02_sequence/L037_arithmetic_geometric_split_sum/01_statement.tex; 02_sequence/L037_arithmetic_geometric_split_sum/05_traps.tex,,no,,,第一轮候补
L038,02_sequence,02_sequence/L038_pairwise_constant_sum,倒序相加法（对称等和数列求和）,A,动态追踪递推迭代、部分和或构造数列逐步变化，静态页难同时呈现全过程与边界,递推迭代、部分和或构造数列逐步变化；常见误区：误用前提。,3,3,3,4,31,待确认（未使用频率统计）,02_sequence/L038_pairwise_constant_sum/meta.json; 02_sequence/L038_pairwise_constant_sum/01_statement.tex; 02_sequence/L038_pairwise_constant_sum/05_traps.tex,,no,,,第一轮候补
L039,02_sequence,02_sequence/L039_sequence_difference_ratio_monotonicity,差比法与商比法判定数列单调性,B,逐步显露公式推导或求和相消可分步显示，有助于看清先后依赖；连续运动收益有限,公式推导或求和相消可分步显示；常见误区：忽略正项条件。,2,3,3,4,27,待确认（未使用频率统计）,02_sequence/L039_sequence_difference_ratio_monotonicity/meta.json; 02_sequence/L039_sequence_difference_ratio_monotonicity/01_statement.tex; 02_sequence/L039_sequence_difference_ratio_monotonicity/05_traps.tex,,no,,,第一轮候补
L040,02_sequence,02_sequence/L040_recurrence_periods,数列周期性的判定与常见递推周期结论,A,动态追踪递推迭代、部分和或构造数列逐步变化，静态页难同时呈现全过程与边界,递推迭代、部分和或构造数列逐步变化；常见误区：忽略前提条件。,3,3,3,4,31,待确认（未使用频率统计）,02_sequence/L040_recurrence_periods/meta.json; 02_sequence/L040_recurrence_periods/01_statement.tex; 02_sequence/L040_recurrence_periods/05_traps.tex,,no,,,第一轮候补
L041,02_sequence,02_sequence/L041_arithmetic_series_max_sum_condition,等差数列前n项和最大值条件,A,动态追踪递推迭代、部分和或构造数列逐步变化，静态页难同时呈现全过程与边界,递推迭代、部分和或构造数列逐步变化；常见误区：对称轴误区。,3,3,3,4,31,待确认（未使用频率统计）,02_sequence/L041_arithmetic_series_max_sum_condition/meta.json; 02_sequence/L041_arithmetic_series_max_sum_condition/01_statement.tex; 02_sequence/L041_arithmetic_series_max_sum_condition/05_traps.tex,,no,,,第一轮候补
L042,02_sequence,02_sequence/L042_sequence_scaling_methods,数列放缩证明不等式（裂项、等比、糖水）,C,,静态图或PDF更适合核对核心条件与结论；常见误区：裂项方向混淆；未发现必须连续呈现的独立关系，暂缓GIF。,1,2,2,5,19,待确认（未使用频率统计）,02_sequence/L042_sequence_scaling_methods/meta.json; 02_sequence/L042_sequence_scaling_methods/01_statement.tex; 02_sequence/L042_sequence_scaling_methods/05_traps.tex,,no,,,暂缓：静态优先
C001,03_conic,03_conic/C001_ellipse_circle_min_max_distance,椭圆与圆周的距离最值,A,动态追踪动点、切线、焦点关系或轨迹连续改变，静态页难同时呈现全过程与边界,动点、切线、焦点关系或轨迹连续改变；常见误区：把圆周误解成圆面。 已有正式GIF，暂不作为新增。,5,5,4,5,48,待确认（未使用频率统计）,03_conic/C001_ellipse_circle_min_max_distance/meta.json; 03_conic/C001_ellipse_circle_min_max_distance/01_statement.tex; 03_conic/C001_ellipse_circle_min_max_distance/05_traps.tex,03_conic/C001_ellipse_circle_min_max_distance/images/ellipse_circle_distance.gif; 03_conic/C001_ellipse_circle_min_max_distance/images/ellipse_circle_max_distance.gif,no,,,已有GIF
C002,03_conic,03_conic/C002_ellipse_point_line_distance_extrema,椭圆上点到直线距离最值公式,A,动态追踪动点、切线、焦点关系或轨迹连续改变，静态页难同时呈现全过程与边界,动点、切线、焦点关系或轨迹连续改变；常见误区：\(R\。 已有正式GIF，暂不作为新增。,5,5,4,5,48,待确认（未使用频率统计）,03_conic/C002_ellipse_point_line_distance_extrema/meta.json; 03_conic/C002_ellipse_point_line_distance_extrema/01_statement.tex; 03_conic/C002_ellipse_point_line_distance_extrema/05_traps.tex,03_conic/C002_ellipse_point_line_distance_extrema/images/ellipse_line_distance.gif,no,,,已有GIF
C003,03_conic,03_conic/C003_Ellipse_Max_Focal_Angle,椭圆焦角最大值结论,A,动态追踪动点、切线、焦点关系或轨迹连续改变，静态页难同时呈现全过程与边界,动点、切线、焦点关系或轨迹连续改变；需按适用条件检查。,3,3,3,4,31,待确认（未使用频率统计）,03_conic/C003_Ellipse_Max_Focal_Angle/meta.json; 03_conic/C003_Ellipse_Max_Focal_Angle/01_statement.tex; 03_conic/C003_Ellipse_Max_Focal_Angle/05_traps.tex,,no,,,第一轮候补
C004,03_conic,03_conic/C004_Ellipse_Max_Vertex_Angle,椭圆顶角最大值结论,A,动态追踪动点、切线、焦点关系或轨迹连续改变，静态页难同时呈现全过程与边界,动点、切线、焦点关系或轨迹连续改变；需按适用条件检查。,3,3,3,4,31,待确认（未使用频率统计）,03_conic/C004_Ellipse_Max_Vertex_Angle/meta.json; 03_conic/C004_Ellipse_Max_Vertex_Angle/01_statement.tex; 03_conic/C004_Ellipse_Max_Vertex_Angle/05_traps.tex,,no,,,第一轮候补
C005,03_conic,03_conic/C005_Ellipse_Eccentricity_Focal_Angle_Inequality,离心率与焦点角不等式,C,,静态图或PDF更适合核对核心条件与结论；需按适用条件检查；未发现必须连续呈现的独立关系，暂缓GIF。,1,2,2,5,19,待确认（未使用频率统计）,03_conic/C005_Ellipse_Eccentricity_Focal_Angle_Inequality/meta.json; 03_conic/C005_Ellipse_Eccentricity_Focal_Angle_Inequality/01_statement.tex; 03_conic/C005_Ellipse_Eccentricity_Focal_Angle_Inequality/05_traps.tex,,no,,,暂缓：静态优先
C006,03_conic,03_conic/C006_Ellipse_Eccentricity_Focal_Angle_Formula,离心率与两焦点角度公式,C,,静态图或PDF更适合核对核心条件与结论；需按适用条件检查；未发现必须连续呈现的独立关系，暂缓GIF。,1,2,2,5,19,待确认（未使用频率统计）,03_conic/C006_Ellipse_Eccentricity_Focal_Angle_Formula/meta.json; 03_conic/C006_Ellipse_Eccentricity_Focal_Angle_Formula/01_statement.tex; 03_conic/C006_Ellipse_Eccentricity_Focal_Angle_Formula/05_traps.tex,,no,,,暂缓：静态优先
C007,03_conic,03_conic/C007_Ellipse_Slope_Tangent_Condition,椭圆斜率式切线判定,C,,静态图或PDF更适合核对核心条件与结论；需按适用条件检查；未发现必须连续呈现的独立关系，暂缓GIF。,1,2,2,5,19,待确认（未使用频率统计）,03_conic/C007_Ellipse_Slope_Tangent_Condition/meta.json; 03_conic/C007_Ellipse_Slope_Tangent_Condition/01_statement.tex; 03_conic/C007_Ellipse_Slope_Tangent_Condition/05_traps.tex,,no,,,暂缓：静态优先
C008,03_conic,03_conic/C008_Ellipse_Tangent_Point_Formula,椭圆切点幂与切线方程,B,逐步显露坐标公式、证明或特殊构造可分步显示，有助于看清先后依赖；连续运动收益有限,坐标公式、证明或特殊构造可分步显示；需按适用条件检查。,2,3,3,4,27,待确认（未使用频率统计）,03_conic/C008_Ellipse_Tangent_Point_Formula/meta.json; 03_conic/C008_Ellipse_Tangent_Point_Formula/01_statement.tex; 03_conic/C008_Ellipse_Tangent_Point_Formula/05_traps.tex,,no,,,第一轮候补
C009,03_conic,03_conic/C009_Ellipse_Tangent_Slope_Range,椭圆切线斜率范围,A,动态追踪动点、切线、焦点关系或轨迹连续改变，静态页难同时呈现全过程与边界,动点、切线、焦点关系或轨迹连续改变；需按适用条件检查。,3,3,3,4,31,待确认（未使用频率统计）,03_conic/C009_Ellipse_Tangent_Slope_Range/meta.json; 03_conic/C009_Ellipse_Tangent_Slope_Range/01_statement.tex; 03_conic/C009_Ellipse_Tangent_Slope_Range/05_traps.tex,,no,,,第一轮候补
C010,03_conic,03_conic/C010_Ellipse_Tangent_Distance_Formula,椭圆切线距离公式,A,动态追踪动点、切线、焦点关系或轨迹连续改变，静态页难同时呈现全过程与边界,动点、切线、焦点关系或轨迹连续改变；需按适用条件检查。,3,3,3,4,31,待确认（未使用频率统计）,03_conic/C010_Ellipse_Tangent_Distance_Formula/meta.json; 03_conic/C010_Ellipse_Tangent_Distance_Formula/01_statement.tex; 03_conic/C010_Ellipse_Tangent_Distance_Formula/05_traps.tex,,no,,,第一轮候补
C011,03_conic,03_conic/C011_Ellipse_Tangent_Slope_Product,椭圆切线与垂径斜率积,C,,静态图或PDF更适合核对核心条件与结论；需按适用条件检查；未发现必须连续呈现的独立关系，暂缓GIF。,1,2,2,5,19,待确认（未使用频率统计）,03_conic/C011_Ellipse_Tangent_Slope_Product/meta.json; 03_conic/C011_Ellipse_Tangent_Slope_Product/01_statement.tex; 03_conic/C011_Ellipse_Tangent_Slope_Product/05_traps.tex,,no,,,暂缓：静态优先
C012,03_conic,03_conic/C012_Ellipse_Tangent_Origin_Distance,椭圆切线原心距性质,C,,静态图或PDF更适合核对核心条件与结论；需按适用条件检查；未发现必须连续呈现的独立关系，暂缓GIF。,1,2,2,5,19,待确认（未使用频率统计）,03_conic/C012_Ellipse_Tangent_Origin_Distance/meta.json; 03_conic/C012_Ellipse_Tangent_Origin_Distance/01_statement.tex; 03_conic/C012_Ellipse_Tangent_Origin_Distance/05_traps.tex,,no,,,暂缓：静态优先
C013,03_conic,03_conic/C013_Ellipse_Endpoint_Tangent_Intersection,长轴端点切线相交性质,C,,静态图或PDF更适合核对核心条件与结论；需按适用条件检查；未发现必须连续呈现的独立关系，暂缓GIF。,1,2,2,5,19,待确认（未使用频率统计）,03_conic/C013_Ellipse_Endpoint_Tangent_Intersection/meta.json; 03_conic/C013_Ellipse_Endpoint_Tangent_Intersection/01_statement.tex; 03_conic/C013_Ellipse_Endpoint_Tangent_Intersection/05_traps.tex,,no,,,暂缓：静态优先
C014,03_conic,03_conic/C014_Ellipse_Focal_Tangent_Properties,椭圆焦点与切线综合性质,A,动态追踪动点、切线、焦点关系或轨迹连续改变，静态页难同时呈现全过程与边界,动点、切线、焦点关系或轨迹连续改变；需按适用条件检查。,3,3,3,4,31,待确认（未使用频率统计）,03_conic/C014_Ellipse_Focal_Tangent_Properties/meta.json; 03_conic/C014_Ellipse_Focal_Tangent_Properties/01_statement.tex; 03_conic/C014_Ellipse_Focal_Tangent_Properties/05_traps.tex,,no,,,第一轮候补
C015,03_conic,03_conic/C015_Ellipse_Focus_Triangle_Centers,椭圆焦点三角形四心坐标性质,B,逐步显露坐标公式、证明或特殊构造可分步显示，有助于看清先后依赖；连续运动收益有限,坐标公式、证明或特殊构造可分步显示；需按适用条件检查。,2,3,3,4,27,待确认（未使用频率统计）,03_conic/C015_Ellipse_Focus_Triangle_Centers/meta.json; 03_conic/C015_Ellipse_Focus_Triangle_Centers/01_statement.tex; 03_conic/C015_Ellipse_Focus_Triangle_Centers/05_traps.tex,,no,,,第一轮候补
C016,03_conic,03_conic/C016_Hyperbola_Focus_Triangle_Centers,双曲线焦点三角形四心坐标性质,B,逐步显露坐标公式、证明或特殊构造可分步显示，有助于看清先后依赖；连续运动收益有限,坐标公式、证明或特殊构造可分步显示；需按适用条件检查。,2,3,3,4,27,待确认（未使用频率统计）,03_conic/C016_Hyperbola_Focus_Triangle_Centers/meta.json; 03_conic/C016_Hyperbola_Focus_Triangle_Centers/01_statement.tex; 03_conic/C016_Hyperbola_Focus_Triangle_Centers/05_traps.tex,,no,,,第一轮候补
C017,03_conic,03_conic/C017_ellipse_tangent_condition,椭圆切线条件：直线y=kx+m与椭圆相切的充要条件,A,动态追踪动点、切线、焦点关系或轨迹连续改变，静态页难同时呈现全过程与边界,动点、切线、焦点关系或轨迹连续改变；常见误区：忽略条件。,3,3,3,4,31,待确认（未使用频率统计）,03_conic/C017_ellipse_tangent_condition/meta.json; 03_conic/C017_ellipse_tangent_condition/01_statement.tex; 03_conic/C017_ellipse_tangent_condition/05_traps.tex,,no,,,第一轮候补
C018,03_conic,03_conic/C018_ellipse_tangent_equation,椭圆切线方程公式,B,逐步显露坐标公式、证明或特殊构造可分步显示，有助于看清先后依赖；连续运动收益有限,坐标公式、证明或特殊构造可分步显示；常见误区：点不在椭圆。,2,3,3,4,27,待确认（未使用频率统计）,03_conic/C018_ellipse_tangent_equation/meta.json; 03_conic/C018_ellipse_tangent_equation/01_statement.tex; 03_conic/C018_ellipse_tangent_equation/05_traps.tex,,no,,,第一轮候补
C019,03_conic,03_conic/C019_ellipse_slope_product_constant,椭圆切线斜率与径向斜率乘积公式,C,,静态图或PDF更适合核对核心条件与结论；常见误区：忽略定义域；未发现必须连续呈现的独立关系，暂缓GIF。,1,2,2,5,19,待确认（未使用频率统计）,03_conic/C019_ellipse_slope_product_constant/meta.json; 03_conic/C019_ellipse_slope_product_constant/01_statement.tex; 03_conic/C019_ellipse_slope_product_constant/05_traps.tex,,no,,,暂缓：静态优先
C020,03_conic,03_conic/C020_ellipse_tangent_distance_product,椭圆切线距离与焦点距离乘积定理,A,动态追踪动点、切线、焦点关系或轨迹连续改变，静态页难同时呈现全过程与边界,动点、切线、焦点关系或轨迹连续改变；常见误区：忽略椭圆方程形式。,3,3,3,4,31,待确认（未使用频率统计）,03_conic/C020_ellipse_tangent_distance_product/meta.json; 03_conic/C020_ellipse_tangent_distance_product/01_statement.tex; 03_conic/C020_ellipse_tangent_distance_product/05_traps.tex,,no,,,第一轮候补
C021,03_conic,03_conic/C021_ellipse_tangent_distance_focal_radius_product,椭圆切线距离与焦半径乘积关系,C,,静态图或PDF更适合核对核心条件与结论；常见误区：焦点位置误判；未发现必须连续呈现的独立关系，暂缓GIF。,1,2,2,5,19,待确认（未使用频率统计）,03_conic/C021_ellipse_tangent_distance_focal_radius_product/meta.json; 03_conic/C021_ellipse_tangent_distance_focal_radius_product/01_statement.tex; 03_conic/C021_ellipse_tangent_distance_focal_radius_product/05_traps.tex,,no,,,暂缓：静态优先
C022,03_conic,03_conic/C022_ellipse_endpoint_tangent_intersection,椭圆端点切线与任意点切线的交点性质,A,动态追踪动点、切线、焦点关系或轨迹连续改变，静态页难同时呈现全过程与边界,动点、切线、焦点关系或轨迹连续改变；常见误区：切线方程误写。,3,3,3,4,31,待确认（未使用频率统计）,03_conic/C022_ellipse_endpoint_tangent_intersection/meta.json; 03_conic/C022_ellipse_endpoint_tangent_intersection/01_statement.tex; 03_conic/C022_ellipse_endpoint_tangent_intersection/05_traps.tex,,no,,,第一轮候补
C023,03_conic,03_conic/C023_ellipse_area_formula,椭圆面积公式,B,逐步显露坐标公式、证明或特殊构造可分步显示，有助于看清先后依赖；连续运动收益有限,坐标公式、证明或特殊构造可分步显示；常见误区：把分母当半轴。,2,3,3,4,27,待确认（未使用频率统计）,03_conic/C023_ellipse_area_formula/meta.json; 03_conic/C023_ellipse_area_formula/01_statement.tex; 03_conic/C023_ellipse_area_formula/05_traps.tex,,no,,,第一轮候补
C024,03_conic,03_conic/C024_ellipse_perimeter_ramanujan,Ramanujan椭圆周长近似公式,B,逐步显露坐标公式、证明或特殊构造可分步显示，有助于看清先后依赖；连续运动收益有限,坐标公式、证明或特殊构造可分步显示；常见误区：计算h错误。,2,3,3,4,27,待确认（未使用频率统计）,03_conic/C024_ellipse_perimeter_ramanujan/meta.json; 03_conic/C024_ellipse_perimeter_ramanujan/01_statement.tex; 03_conic/C024_ellipse_perimeter_ramanujan/05_traps.tex,,no,,,第一轮候补
C025,03_conic,03_conic/C025_ellipsoid_volume_revolution,椭圆绕x轴旋转椭球体积公式,B,逐步显露坐标公式、证明或特殊构造可分步显示，有助于看清先后依赖；连续运动收益有限,坐标公式、证明或特殊构造可分步显示；常见误区：旋转轴混淆。,2,3,3,4,27,待确认（未使用频率统计）,03_conic/C025_ellipsoid_volume_revolution/meta.json; 03_conic/C025_ellipsoid_volume_revolution/01_statement.tex; 03_conic/C025_ellipsoid_volume_revolution/05_traps.tex,,no,,,第一轮候补
C026,03_conic,03_conic/C026_ellipse_y_rotation_volume,椭圆绕y轴旋转体积公式,B,逐步显露坐标公式、证明或特殊构造可分步显示，有助于看清先后依赖；连续运动收益有限,坐标公式、证明或特殊构造可分步显示；常见误区：混淆旋转轴。,2,3,3,4,27,待确认（未使用频率统计）,03_conic/C026_ellipse_y_rotation_volume/meta.json; 03_conic/C026_ellipse_y_rotation_volume/01_statement.tex; 03_conic/C026_ellipse_y_rotation_volume/05_traps.tex,,no,,,第一轮候补
C027,03_conic,03_conic/C027_ellipse_focal_chord_length,椭圆焦点弦长公式,A,动态追踪动点、切线、焦点关系或轨迹连续改变，静态页难同时呈现全过程与边界,动点、切线、焦点关系或轨迹连续改变；常见误区：焦点位置误区。,3,3,3,4,31,待确认（未使用频率统计）,03_conic/C027_ellipse_focal_chord_length/meta.json; 03_conic/C027_ellipse_focal_chord_length/01_statement.tex; 03_conic/C027_ellipse_focal_chord_length/05_traps.tex,,no,,,第一轮候补
C028,03_conic,03_conic/C028_ellipse_focal_chord_length,椭圆焦点弦长公式,B,逐步显露坐标公式、证明或特殊构造可分步显示，有助于看清先后依赖；连续运动收益有限,坐标公式、证明或特殊构造可分步显示；常见误区：余弦平方错误。,2,3,3,4,27,待确认（未使用频率统计）,03_conic/C028_ellipse_focal_chord_length/meta.json; 03_conic/C028_ellipse_focal_chord_length/01_statement.tex; 03_conic/C028_ellipse_focal_chord_length/05_traps.tex,,no,,,第一轮候补
C029,03_conic,03_conic/C029_ellipse_focal_radius,椭圆焦半径公式,C,,静态图或PDF更适合核对核心条件与结论；常见误区：符号混淆；未发现必须连续呈现的独立关系，暂缓GIF。,1,2,2,5,19,待确认（未使用频率统计）,03_conic/C029_ellipse_focal_radius/meta.json; 03_conic/C029_ellipse_focal_radius/01_statement.tex; 03_conic/C029_ellipse_focal_radius/05_traps.tex,,no,,,暂缓：静态优先
C030,03_conic,03_conic/C030_ellipse_focal_triangle_perimeter_constant,椭圆焦点弦三角形周长定值：过焦点弦与另一焦点构成三角形周长恒为4a,A,动态追踪动点、切线、焦点关系或轨迹连续改变，静态页难同时呈现全过程与边界,动点、切线、焦点关系或轨迹连续改变；常见误区：弦长分解缺失。,3,3,3,4,31,待确认（未使用频率统计）,03_conic/C030_ellipse_focal_triangle_perimeter_constant/meta.json; 03_conic/C030_ellipse_focal_triangle_perimeter_constant/01_statement.tex; 03_conic/C030_ellipse_focal_triangle_perimeter_constant/05_traps.tex,,no,,,第一轮候补
C031,03_conic,03_conic/C031_point_line_symmetry_factor,点关于直线对称坐标公式（对称因子法）,A,动态追踪动点、切线、焦点关系或轨迹连续改变，静态页难同时呈现全过程与边界,动点、切线、焦点关系或轨迹连续改变；常见误区：公式符号错误。,3,3,3,4,31,待确认（未使用频率统计）,03_conic/C031_point_line_symmetry_factor/meta.json; 03_conic/C031_point_line_symmetry_factor/01_statement.tex; 03_conic/C031_point_line_symmetry_factor/05_traps.tex,,no,,,第一轮候补
C032,03_conic,03_conic/C032_apollonius_circle_ratio,阿波罗尼斯圆,A,动态追踪动点、切线、焦点关系或轨迹连续改变，静态页难同时呈现全过程与边界,动点、切线、焦点关系或轨迹连续改变；常见误区：遗漏分母条件。,3,3,3,4,31,待确认（未使用频率统计）,03_conic/C032_apollonius_circle_ratio/meta.json; 03_conic/C032_apollonius_circle_ratio/01_statement.tex; 03_conic/C032_apollonius_circle_ratio/05_traps.tex,,no,,,第一轮候补
C033,03_conic,03_conic/C033_ellipse_line_vieta_formula,椭圆硬解定理（直线与椭圆联立韦达公式）,B,逐步显露坐标公式、证明或特殊构造可分步显示，有助于看清先后依赖；连续运动收益有限,坐标公式、证明或特殊构造可分步显示；常见误区：消元条件忽略。,2,3,3,4,27,待确认（未使用频率统计）,03_conic/C033_ellipse_line_vieta_formula/meta.json; 03_conic/C033_ellipse_line_vieta_formula/01_statement.tex; 03_conic/C033_ellipse_line_vieta_formula/05_traps.tex,,no,,,第一轮候补
C034,03_conic,03_conic/C034_line_hyperbola_direct_vieta,直线与双曲线硬解定理,B,逐步显露坐标公式、证明或特殊构造可分步显示，有助于看清先后依赖；连续运动收益有限,坐标公式、证明或特殊构造可分步显示；常见误区：分母为零。,2,3,3,4,27,待确认（未使用频率统计）,03_conic/C034_line_hyperbola_direct_vieta/meta.json; 03_conic/C034_line_hyperbola_direct_vieta/01_statement.tex; 03_conic/C034_line_hyperbola_direct_vieta/05_traps.tex,,no,,,第一轮候补
C035,03_conic,03_conic/C035_parabola_vieta_fixed_form,抛物线硬解定理（直线联立韦达固定形式）,B,逐步显露坐标公式、证明或特殊构造可分步显示，有助于看清先后依赖；连续运动收益有限,坐标公式、证明或特殊构造可分步显示；常见误区：二次项系数为零。,2,3,3,4,27,待确认（未使用频率统计）,03_conic/C035_parabola_vieta_fixed_form/meta.json; 03_conic/C035_parabola_vieta_fixed_form/01_statement.tex; 03_conic/C035_parabola_vieta_fixed_form/05_traps.tex,,no,,,第一轮候补
C036,03_conic,03_conic/C036_ellipse_first_definition,椭圆的第一定义,A,动态追踪动点、切线、焦点关系或轨迹连续改变，静态页难同时呈现全过程与边界,动点、切线、焦点关系或轨迹连续改变；常见误区：忽略范围限制。,3,3,3,4,31,待确认（未使用频率统计）,03_conic/C036_ellipse_first_definition/meta.json; 03_conic/C036_ellipse_first_definition/01_statement.tex; 03_conic/C036_ellipse_first_definition/05_traps.tex,,no,,,第一轮候补
C037,03_conic,03_conic/C037_hyperbola_first_definition,双曲线第一定义,A,动态追踪动点、切线、焦点关系或轨迹连续改变，静态页难同时呈现全过程与边界,动点、切线、焦点关系或轨迹连续改变；常见误区：忽略绝对值。,3,3,3,4,31,待确认（未使用频率统计）,03_conic/C037_hyperbola_first_definition/meta.json; 03_conic/C037_hyperbola_first_definition/01_statement.tex; 03_conic/C037_hyperbola_first_definition/05_traps.tex,,no,,,第一轮候补
C038,03_conic,03_conic/C038_parabola_definition_focus_directrix,抛物线的定义：到焦点与准线距离相等,A,动态追踪动点、切线、焦点关系或轨迹连续改变，静态页难同时呈现全过程与边界,动点、切线、焦点关系或轨迹连续改变；常见误区：退化条件。,3,3,3,4,31,待确认（未使用频率统计）,03_conic/C038_parabola_definition_focus_directrix/meta.json; 03_conic/C038_parabola_definition_focus_directrix/01_statement.tex; 03_conic/C038_parabola_definition_focus_directrix/05_traps.tex,,no,,,第一轮候补
C039,03_conic,03_conic/C039_ellipse_second_definition,椭圆的第二定义,A,动态追踪动点、切线、焦点关系或轨迹连续改变，静态页难同时呈现全过程与边界,动点、切线、焦点关系或轨迹连续改变；常见误区：焦点准线对应错。,3,3,3,4,31,待确认（未使用频率统计）,03_conic/C039_ellipse_second_definition/meta.json; 03_conic/C039_ellipse_second_definition/01_statement.tex; 03_conic/C039_ellipse_second_definition/05_traps.tex,,no,,,第一轮候补
C040,03_conic,03_conic/C040_hyperbola_focus_directrix_ratio,双曲线第二定义（焦准比定义）,A,动态追踪动点、切线、焦点关系或轨迹连续改变，静态页难同时呈现全过程与边界,动点、切线、焦点关系或轨迹连续改变；常见误区：焦点对应。,3,3,3,4,31,待确认（未使用频率统计）,03_conic/C040_hyperbola_focus_directrix_ratio/meta.json; 03_conic/C040_hyperbola_focus_directrix_ratio/01_statement.tex; 03_conic/C040_hyperbola_focus_directrix_ratio/05_traps.tex,,no,,,第一轮候补
C041,03_conic,03_conic/C041_parabola_focus_directrix_definition,抛物线的第二定义（焦点与准线定义）,A,动态追踪动点、切线、焦点关系或轨迹连续改变，静态页难同时呈现全过程与边界,动点、切线、焦点关系或轨迹连续改变；常见误区：忽略条件。,3,3,3,4,31,待确认（未使用频率统计）,03_conic/C041_parabola_focus_directrix_definition/meta.json; 03_conic/C041_parabola_focus_directrix_definition/01_statement.tex; 03_conic/C041_parabola_focus_directrix_definition/05_traps.tex,,no,,,第一轮候补
C042,03_conic,03_conic/C042_ellipse_abc_relation,椭圆基本关系：a²=b²+c²,B,逐步显露坐标公式、证明或特殊构造可分步显示，有助于看清先后依赖；连续运动收益有限,坐标公式、证明或特殊构造可分步显示；常见误区：参数大小混淆。,2,3,3,4,27,待确认（未使用频率统计）,03_conic/C042_ellipse_abc_relation/meta.json; 03_conic/C042_ellipse_abc_relation/01_statement.tex; 03_conic/C042_ellipse_abc_relation/05_traps.tex,,no,,,第一轮候补
C043,03_conic,03_conic/C043_hyperbola_abc_relation,"双曲线的 a,b,c 关系",B,逐步显露坐标公式、证明或特殊构造可分步显示，有助于看清先后依赖；连续运动收益有限,坐标公式、证明或特殊构造可分步显示；常见误区：混淆椭圆双曲。,2,3,3,4,27,待确认（未使用频率统计）,03_conic/C043_hyperbola_abc_relation/meta.json; 03_conic/C043_hyperbola_abc_relation/01_statement.tex; 03_conic/C043_hyperbola_abc_relation/05_traps.tex,,no,,,第一轮候补
C044,03_conic,03_conic/C044_eccentricity_geometric_algebraic,离心率的几何定义与代数公式,A,动态追踪动点、切线、焦点关系或轨迹连续改变，静态页难同时呈现全过程与边界,动点、切线、焦点关系或轨迹连续改变；常见误区：符号混淆。,3,3,3,4,31,待确认（未使用频率统计）,03_conic/C044_eccentricity_geometric_algebraic/meta.json; 03_conic/C044_eccentricity_geometric_algebraic/01_statement.tex; 03_conic/C044_eccentricity_geometric_algebraic/05_traps.tex,,no,,,第一轮候补
C045,03_conic,03_conic/C045_conic_standard_forms_focus_x,圆锥曲线标准方程（焦点在x轴）,B,逐步显露坐标公式、证明或特殊构造可分步显示，有助于看清先后依赖；连续运动收益有限,坐标公式、证明或特殊构造可分步显示；常见误区：参数混淆。,2,3,3,4,27,待确认（未使用频率统计）,03_conic/C045_conic_standard_forms_focus_x/meta.json; 03_conic/C045_conic_standard_forms_focus_x/01_statement.tex; 03_conic/C045_conic_standard_forms_focus_x/05_traps.tex,,no,,,第一轮候补
C046,03_conic,03_conic/C046_conic_latus_rectum_length,圆锥曲线通径公式,B,逐步显露坐标公式、证明或特殊构造可分步显示，有助于看清先后依赖；连续运动收益有限,坐标公式、证明或特殊构造可分步显示；常见误区：忽略垂直。,2,3,3,4,27,待确认（未使用频率统计）,03_conic/C046_conic_latus_rectum_length/meta.json; 03_conic/C046_conic_latus_rectum_length/01_statement.tex; 03_conic/C046_conic_latus_rectum_length/05_traps.tex,,no,,,第一轮候补
C047,03_conic,03_conic/C047_ellipse_focus_triangle_area,椭圆焦点三角形面积公式,C,,静态图或PDF更适合核对核心条件与结论；常见误区：公式误记；未发现必须连续呈现的独立关系，暂缓GIF。,1,2,2,5,19,待确认（未使用频率统计）,03_conic/C047_ellipse_focus_triangle_area/meta.json; 03_conic/C047_ellipse_focus_triangle_area/01_statement.tex; 03_conic/C047_ellipse_focus_triangle_area/05_traps.tex,,no,,,暂缓：静态优先
C048,03_conic,03_conic/C048_hyperbola_focus_triangle_area,双曲线焦点三角形面积公式,C,,静态图或PDF更适合核对核心条件与结论；常见误区：焦点方向；未发现必须连续呈现的独立关系，暂缓GIF。,1,2,2,5,19,待确认（未使用频率统计）,03_conic/C048_hyperbola_focus_triangle_area/meta.json; 03_conic/C048_hyperbola_focus_triangle_area/01_statement.tex; 03_conic/C048_hyperbola_focus_triangle_area/05_traps.tex,,no,,,暂缓：静态优先
C049,03_conic,03_conic/C049_ellipse_focal_radius_formula,椭圆焦半径公式（焦点在x轴）,C,,静态图或PDF更适合核对核心条件与结论；常见误区：焦点混淆；未发现必须连续呈现的独立关系，暂缓GIF。,1,2,2,5,19,待确认（未使用频率统计）,03_conic/C049_ellipse_focal_radius_formula/meta.json; 03_conic/C049_ellipse_focal_radius_formula/01_statement.tex; 03_conic/C049_ellipse_focal_radius_formula/05_traps.tex,,no,,,暂缓：静态优先
C050,03_conic,03_conic/C050_hyperbola_focal_radius,双曲线焦半径公式,C,,静态图或PDF更适合核对核心条件与结论；常见误区：忘记绝对值；未发现必须连续呈现的独立关系，暂缓GIF。,1,2,2,5,19,待确认（未使用频率统计）,03_conic/C050_hyperbola_focal_radius/meta.json; 03_conic/C050_hyperbola_focal_radius/01_statement.tex; 03_conic/C050_hyperbola_focal_radius/05_traps.tex,,no,,,暂缓：静态优先
C051,03_conic,03_conic/C051_parabola_focal_radius_coordinate,抛物线焦半径公式（坐标形式）,C,,静态图或PDF更适合核对核心条件与结论；常见误区：符号记反；未发现必须连续呈现的独立关系，暂缓GIF。,1,2,2,5,19,待确认（未使用频率统计）,03_conic/C051_parabola_focal_radius_coordinate/meta.json; 03_conic/C051_parabola_focal_radius_coordinate/01_statement.tex; 03_conic/C051_parabola_focal_radius_coordinate/05_traps.tex,,no,,,暂缓：静态优先
C052,03_conic,03_conic/C052_ellipse_focal_chord_length,椭圆焦点弦长公式,B,逐步显露坐标公式、证明或特殊构造可分步显示，有助于看清先后依赖；连续运动收益有限,坐标公式、证明或特殊构造可分步显示；常见误区：条件遗漏。,2,3,3,4,27,待确认（未使用频率统计）,03_conic/C052_ellipse_focal_chord_length/meta.json; 03_conic/C052_ellipse_focal_chord_length/01_statement.tex; 03_conic/C052_ellipse_focal_chord_length/05_traps.tex,,no,,,第一轮候补
C053,03_conic,03_conic/C053_parabola_focal_chord_length_inclination,抛物线的焦点弦长公式（倾斜角形式）,A,动态追踪动点、切线、焦点关系或轨迹连续改变，静态页难同时呈现全过程与边界,动点、切线、焦点关系或轨迹连续改变；常见误区：开口方向误判。,3,3,3,4,31,待确认（未使用频率统计）,03_conic/C053_parabola_focal_chord_length_inclination/meta.json; 03_conic/C053_parabola_focal_chord_length_inclination/01_statement.tex; 03_conic/C053_parabola_focal_chord_length_inclination/05_traps.tex,,no,,,第一轮候补
C054,03_conic,03_conic/C054_parabola_focal_chord_reciprocal_sum,抛物线焦点弦倒数之和定理,A,动态追踪动点、切线、焦点关系或轨迹连续改变，静态页难同时呈现全过程与边界,动点、切线、焦点关系或轨迹连续改变；常见误区：通径遗漏。,3,3,3,4,31,待确认（未使用频率统计）,03_conic/C054_parabola_focal_chord_reciprocal_sum/meta.json; 03_conic/C054_parabola_focal_chord_reciprocal_sum/01_statement.tex; 03_conic/C054_parabola_focal_chord_reciprocal_sum/05_traps.tex,,no,,,第一轮候补
C055,03_conic,03_conic/C055_parabola_focal_chord_product,抛物线焦点弦横纵坐标积公式,C,,静态图或PDF更适合核对核心条件与结论；常见误区：符号混淆；未发现必须连续呈现的独立关系，暂缓GIF。,1,2,2,5,19,待确认（未使用频率统计）,03_conic/C055_parabola_focal_chord_product/meta.json; 03_conic/C055_parabola_focal_chord_product/01_statement.tex; 03_conic/C055_parabola_focal_chord_product/05_traps.tex,,no,,,暂缓：静态优先
C056,03_conic,03_conic/C056_ellipse_focal_chord_ratio,椭圆右焦点分弦比例定理,C,,静态图或PDF更适合核对核心条件与结论；常见误区：焦点错位；未发现必须连续呈现的独立关系，暂缓GIF。,1,2,2,5,19,待确认（未使用频率统计）,03_conic/C056_ellipse_focal_chord_ratio/meta.json; 03_conic/C056_ellipse_focal_chord_ratio/01_statement.tex; 03_conic/C056_ellipse_focal_chord_ratio/05_traps.tex,,no,,,暂缓：静态优先
C057,03_conic,03_conic/C057_hyperbola_focus_chord_reciprocal_sum_diff,双曲线焦点分弦定理：同支倒数之和与异支倒数之差,C,,静态图或PDF更适合核对核心条件与结论；常见误区：公式混淆；未发现必须连续呈现的独立关系，暂缓GIF。,1,2,2,5,19,待确认（未使用频率统计）,03_conic/C057_hyperbola_focus_chord_reciprocal_sum_diff/meta.json; 03_conic/C057_hyperbola_focus_chord_reciprocal_sum_diff/01_statement.tex; 03_conic/C057_hyperbola_focus_chord_reciprocal_sum_diff/05_traps.tex,,no,,,暂缓：静态优先
C058,03_conic,03_conic/C058_parabola_focal_chord_reciprocal_sum,抛物线焦点弦倒数和定值,C,,静态图或PDF更适合核对核心条件与结论；常见误区：公式记忆；未发现必须连续呈现的独立关系，暂缓GIF。,1,2,2,5,19,待确认（未使用频率统计）,03_conic/C058_parabola_focal_chord_reciprocal_sum/meta.json; 03_conic/C058_parabola_focal_chord_reciprocal_sum/01_statement.tex; 03_conic/C058_parabola_focal_chord_reciprocal_sum/05_traps.tex,,no,,,暂缓：静态优先
C059,03_conic,03_conic/C059_midpoint_chord_slope,中点弦斜率公式（点差法）,A,动态追踪动点、切线、焦点关系或轨迹连续改变，静态页难同时呈现全过程与边界,动点、切线、焦点关系或轨迹连续改变；常见误区：忽略分母为零。,3,3,3,4,31,待确认（未使用频率统计）,03_conic/C059_midpoint_chord_slope/meta.json; 03_conic/C059_midpoint_chord_slope/01_statement.tex; 03_conic/C059_midpoint_chord_slope/05_traps.tex,,no,,,第一轮候补
C060,03_conic,03_conic/C060_ellipse_midpoint_chord_slope,椭圆中点弦斜率公式,A,动态追踪动点、切线、焦点关系或轨迹连续改变，静态页难同时呈现全过程与边界,动点、切线、焦点关系或轨迹连续改变；常见误区：忽略分母条件。,3,3,3,4,31,待确认（未使用频率统计）,03_conic/C060_ellipse_midpoint_chord_slope/meta.json; 03_conic/C060_ellipse_midpoint_chord_slope/01_statement.tex; 03_conic/C060_ellipse_midpoint_chord_slope/05_traps.tex,,no,,,第一轮候补
C061,03_conic,03_conic/C061_hyperbola_midpoint_chord_slope,双曲线中点弦斜率公式,A,动态追踪动点、切线、焦点关系或轨迹连续改变，静态页难同时呈现全过程与边界,动点、切线、焦点关系或轨迹连续改变；常见误区：忽略分母为零。,3,3,3,4,31,待确认（未使用频率统计）,03_conic/C061_hyperbola_midpoint_chord_slope/meta.json; 03_conic/C061_hyperbola_midpoint_chord_slope/01_statement.tex; 03_conic/C061_hyperbola_midpoint_chord_slope/05_traps.tex,,no,,,第一轮候补
C062,03_conic,03_conic/C062_parabola_midpoint_chord_slope,抛物线中点弦斜率公式,A,动态追踪动点、切线、焦点关系或轨迹连续改变，静态页难同时呈现全过程与边界,动点、切线、焦点关系或轨迹连续改变；常见误区：条件忽略。,3,3,3,4,31,待确认（未使用频率统计）,03_conic/C062_parabola_midpoint_chord_slope/meta.json; 03_conic/C062_parabola_midpoint_chord_slope/01_statement.tex; 03_conic/C062_parabola_midpoint_chord_slope/05_traps.tex,,no,,,第一轮候补
C063,03_conic,03_conic/C063_conic_chord_length_formula,圆锥曲线弦长公式,C,,静态图或PDF更适合核对核心条件与结论；常见误区：绝对值遗漏；未发现必须连续呈现的独立关系，暂缓GIF。,1,2,2,5,19,待确认（未使用频率统计）,03_conic/C063_conic_chord_length_formula/meta.json; 03_conic/C063_conic_chord_length_formula/01_statement.tex; 03_conic/C063_conic_chord_length_formula/05_traps.tex,,no,,,暂缓：静态优先
C064,03_conic,03_conic/C064_ellipse_slope_product_constant,椭圆第三定义：斜率乘积定值,C,,静态图或PDF更适合核对核心条件与结论；常见误区：忽略端点约束；未发现必须连续呈现的独立关系，暂缓GIF。,1,2,2,5,19,待确认（未使用频率统计）,03_conic/C064_ellipse_slope_product_constant/meta.json; 03_conic/C064_ellipse_slope_product_constant/01_statement.tex; 03_conic/C064_ellipse_slope_product_constant/05_traps.tex,,no,,,暂缓：静态优先
C065,03_conic,03_conic/C065_hyperbola_slope_product_constant,双曲线第三定义（斜率积形式）,C,,静态图或PDF更适合核对核心条件与结论；常见误区：符号记忆；未发现必须连续呈现的独立关系，暂缓GIF。,1,2,2,5,19,待确认（未使用频率统计）,03_conic/C065_hyperbola_slope_product_constant/meta.json; 03_conic/C065_hyperbola_slope_product_constant/01_statement.tex; 03_conic/C065_hyperbola_slope_product_constant/05_traps.tex,,no,,,暂缓：静态优先
C066,03_conic,03_conic/C066_hyperbola_tangent_half_substitution,双曲线切线方程：半代换法,B,逐步显露坐标公式、证明或特殊构造可分步显示，有助于看清先后依赖；连续运动收益有限,坐标公式、证明或特殊构造可分步显示；常见误区：点不在线上。,2,3,3,4,27,待确认（未使用频率统计）,03_conic/C066_hyperbola_tangent_half_substitution/meta.json; 03_conic/C066_hyperbola_tangent_half_substitution/01_statement.tex; 03_conic/C066_hyperbola_tangent_half_substitution/05_traps.tex,,no,,,第一轮候补
C067,03_conic,03_conic/C067_parabola_tangent_point_form,抛物线切线方程（切点式）,C,,静态图或PDF更适合核对核心条件与结论；常见误区：错用公式条件；未发现必须连续呈现的独立关系，暂缓GIF。,1,2,2,5,19,待确认（未使用频率统计）,03_conic/C067_parabola_tangent_point_form/meta.json; 03_conic/C067_parabola_tangent_point_form/01_statement.tex; 03_conic/C067_parabola_tangent_point_form/05_traps.tex,,no,,,暂缓：静态优先
C068,03_conic,03_conic/C068_ellipse_contact_chord,椭圆切点弦方程,B,逐步显露坐标公式、证明或特殊构造可分步显示，有助于看清先后依赖；连续运动收益有限,坐标公式、证明或特殊构造可分步显示；常见误区：忽视外点条件。,2,3,3,4,27,待确认（未使用频率统计）,03_conic/C068_ellipse_contact_chord/meta.json; 03_conic/C068_ellipse_contact_chord/01_statement.tex; 03_conic/C068_ellipse_contact_chord/05_traps.tex,,no,,,第一轮候补
C069,03_conic,03_conic/C069_hyperbola_chord_of_contact,双曲线切点弦方程,B,逐步显露坐标公式、证明或特殊构造可分步显示，有助于看清先后依赖；连续运动收益有限,坐标公式、证明或特殊构造可分步显示；常见误区：焦点混淆。,2,3,3,4,27,待确认（未使用频率统计）,03_conic/C069_hyperbola_chord_of_contact/meta.json; 03_conic/C069_hyperbola_chord_of_contact/01_statement.tex; 03_conic/C069_hyperbola_chord_of_contact/05_traps.tex,,no,,,第一轮候补
C070,03_conic,03_conic/C070_parabola_contact_chord,抛物线切点弦方程,B,逐步显露坐标公式、证明或特殊构造可分步显示，有助于看清先后依赖；连续运动收益有限,坐标公式、证明或特殊构造可分步显示；常见误区：点位置条件。,2,3,3,4,27,待确认（未使用频率统计）,03_conic/C070_parabola_contact_chord/meta.json; 03_conic/C070_parabola_contact_chord/01_statement.tex; 03_conic/C070_parabola_contact_chord/05_traps.tex,,no,,,第一轮候补
C071,03_conic,03_conic/C071_ellipse_monge_circle,椭圆蒙日圆（垂直切线交点轨迹）,A,动态追踪动点、切线、焦点关系或轨迹连续改变，静态页难同时呈现全过程与边界,动点、切线、焦点关系或轨迹连续改变；常见误区：椭圆外条件。,5,4,3,3,41,待确认（未使用频率统计）,03_conic/C071_ellipse_monge_circle/meta.json; 03_conic/C071_ellipse_monge_circle/01_statement.tex; 03_conic/C071_ellipse_monge_circle/05_traps.tex; 02_explanation.tex; 03_proof.tex; 04_examples.tex; 06_summary.tex (same directory),,yes,,9,Top 10 候选
C072,03_conic,03_conic/C072_parabola_archimedean_triangle_vertex_area,抛物线阿基米德三角形顶点坐标与面积公式,A,动态追踪动点、切线、焦点关系或轨迹连续改变，静态页难同时呈现全过程与边界,动点、切线、焦点关系或轨迹连续改变；常见误区：面积系数。,3,3,3,4,31,待确认（未使用频率统计）,03_conic/C072_parabola_archimedean_triangle_vertex_area/meta.json; 03_conic/C072_parabola_archimedean_triangle_vertex_area/01_statement.tex; 03_conic/C072_parabola_archimedean_triangle_vertex_area/05_traps.tex,,no,,,第一轮候补
C073,03_conic,03_conic/C073_parabola_tangent_intersection_midpoint_parallel,抛物线切线交点与弦中点连线平行坐标轴,A,动态追踪动点、切线、焦点关系或轨迹连续改变，静态页难同时呈现全过程与边界,动点、切线、焦点关系或轨迹连续改变；常见误区：形式混淆。,3,3,3,4,31,待确认（未使用频率统计）,03_conic/C073_parabola_tangent_intersection_midpoint_parallel/meta.json; 03_conic/C073_parabola_tangent_intersection_midpoint_parallel/01_statement.tex; 03_conic/C073_parabola_tangent_intersection_midpoint_parallel/05_traps.tex,,no,,,第一轮候补
C074,03_conic,03_conic/C074_conic_optical_angle_bisector,圆锥曲线的光学性质：椭圆法线平分焦半径夹角，双曲线切线平分焦半径夹角，抛物线切线平分焦半径与对称轴夹角,A,动态追踪动点、切线、焦点关系或轨迹连续改变，静态页难同时呈现全过程与边界,动点、切线、焦点关系或轨迹连续改变；常见误区：混淆角平分线。 需先审角的射线方向、端点和法线/切线角色，宜拆成独立关系。,5,5,3,2,43,待确认（未使用频率统计）,03_conic/C074_conic_optical_angle_bisector/meta.json; 03_conic/C074_conic_optical_angle_bisector/01_statement.tex; 03_conic/C074_conic_optical_angle_bisector/05_traps.tex; 02_explanation.tex; 03_proof.tex; 04_examples.tex; 06_summary.tex (same directory),,yes,需先审角的射线方向、端点和法线/切线角色，宜拆成独立关系,,数学核验前暂缓
C075,03_conic,03_conic/C075_polar_line_equation,圆锥曲线极点极线方程,A,动态追踪动点、切线、焦点关系或轨迹连续改变，静态页难同时呈现全过程与边界,动点、切线、焦点关系或轨迹连续改变；常见误区：适用条件忽视。,3,3,3,4,31,待确认（未使用频率统计）,03_conic/C075_polar_line_equation/meta.json; 03_conic/C075_polar_line_equation/01_statement.tex; 03_conic/C075_polar_line_equation/05_traps.tex,,no,,,第一轮候补
C076,03_conic,03_conic/C076_pole_polar_conjugacy,极点极线共轭性：点与极线的对称关系,A,动态追踪动点、切线、焦点关系或轨迹连续改变，静态页难同时呈现全过程与边界,动点、切线、焦点关系或轨迹连续改变；常见误区：忽略中心限制。,3,3,3,4,31,待确认（未使用频率统计）,03_conic/C076_pole_polar_conjugacy/meta.json; 03_conic/C076_pole_polar_conjugacy/01_statement.tex; 03_conic/C076_pole_polar_conjugacy/05_traps.tex,,no,,,第一轮候补
C077,03_conic,03_conic/C077_pole_polar_principle,极点极线（配极原理）,A,动态追踪动点、切线、焦点关系或轨迹连续改变，静态页难同时呈现全过程与边界,动点、切线、焦点关系或轨迹连续改变；常见误区：位置混淆。,3,3,3,4,31,待确认（未使用频率统计）,03_conic/C077_pole_polar_principle/meta.json; 03_conic/C077_pole_polar_principle/01_statement.tex; 03_conic/C077_pole_polar_principle/05_traps.tex,,no,,,第一轮候补
C078,03_conic,03_conic/C078_ellipse_parametric_equation,椭圆参数方程,A,动态追踪动点、切线、焦点关系或轨迹连续改变，静态页难同时呈现全过程与边界,动点、切线、焦点关系或轨迹连续改变；常见误区：混淆离心角极角。,3,3,3,4,31,待确认（未使用频率统计）,03_conic/C078_ellipse_parametric_equation/meta.json; 03_conic/C078_ellipse_parametric_equation/01_statement.tex; 03_conic/C078_ellipse_parametric_equation/05_traps.tex,,no,,,第一轮候补
C079,03_conic,03_conic/C079_hyperbola_asymptote_parallel_unique,双曲线渐近线平行直线交点性质,A,动态追踪动点、切线、焦点关系或轨迹连续改变，静态页难同时呈现全过程与边界,动点、切线、焦点关系或轨迹连续改变；常见误区：漏截距条件。,3,3,3,4,31,待确认（未使用频率统计）,03_conic/C079_hyperbola_asymptote_parallel_unique/meta.json; 03_conic/C079_hyperbola_asymptote_parallel_unique/01_statement.tex; 03_conic/C079_hyperbola_asymptote_parallel_unique/05_traps.tex,,no,,,第一轮候补
C080,03_conic,03_conic/C080_confocal_conic_family,共焦点曲线系方程,C,,静态图或PDF更适合核对核心条件与结论；常见误区：范围混淆；未发现必须连续呈现的独立关系，暂缓GIF。,1,2,2,5,19,待确认（未使用频率统计）,03_conic/C080_confocal_conic_family/meta.json; 03_conic/C080_confocal_conic_family/01_statement.tex; 03_conic/C080_confocal_conic_family/05_traps.tex,,no,,,暂缓：静态优先
C081,03_conic,03_conic/C081_affine_ellipse_area_slope,椭圆的仿射变换与几何量转化,A,动态追踪动点、切线、焦点关系或轨迹连续改变，静态页难同时呈现全过程与边界,动点、切线、焦点关系或轨迹连续改变；常见误区：面积方向错误。,3,3,3,4,31,待确认（未使用频率统计）,03_conic/C081_affine_ellipse_area_slope/meta.json; 03_conic/C081_affine_ellipse_area_slope/01_statement.tex; 03_conic/C081_affine_ellipse_area_slope/05_traps.tex,,no,,,第一轮候补
C082,03_conic,03_conic/C082_confocal_conic_family,共焦点二次曲线系,C,,静态图或PDF更适合核对核心条件与结论；常见误区：忽略λ范围；未发现必须连续呈现的独立关系，暂缓GIF。,1,2,2,5,19,待确认（未使用频率统计）,03_conic/C082_confocal_conic_family/meta.json; 03_conic/C082_confocal_conic_family/01_statement.tex; 03_conic/C082_confocal_conic_family/05_traps.tex,,no,,,暂缓：静态优先
C083,03_conic,03_conic/C083_external_point_to_ellipse_distance_extrema,椭圆外一点到椭圆的距离极值,A,动态追踪动点、切线、焦点关系或轨迹连续改变，静态页难同时呈现全过程与边界,动点、切线、焦点关系或轨迹连续改变；需按适用条件检查。 需验全部驻点、θ=π遗漏点和与C001/C002的题型区别。,5,4,3,2,40,待确认（未使用频率统计）,03_conic/C083_external_point_to_ellipse_distance_extrema/meta.json; 03_conic/C083_external_point_to_ellipse_distance_extrema/01_statement.tex; 03_conic/C083_external_point_to_ellipse_distance_extrema/05_traps.tex; 02_explanation.tex; 03_proof.tex; 04_examples.tex; 06_summary.tex (same directory),,yes,需验全部驻点、θ=π遗漏点和与C001/C002的题型区别,,数学核验前暂缓
V001,04_vector,04_vector/V001_Polarization_Identity,极化恒等式,A,动态追踪向量端点、投影或三角形结构随运动改变，静态页难同时呈现全过程与边界,向量端点、投影或三角形结构随运动改变；需按适用条件检查。,3,3,3,4,31,待确认（未使用频率统计）,04_vector/V001_Polarization_Identity/meta.json; 04_vector/V001_Polarization_Identity/01_statement.tex; 04_vector/V001_Polarization_Identity/05_traps.tex,,no,,,第一轮候补
V002,04_vector,04_vector/V002_Polarization_Identity_triangular,极化恒等式（三角形模型）,C,,静态图或PDF更适合核对核心条件与结论；需按适用条件检查；未发现必须连续呈现的独立关系，暂缓GIF。,1,2,2,5,19,待确认（未使用频率统计）,04_vector/V002_Polarization_Identity_triangular/meta.json; 04_vector/V002_Polarization_Identity_triangular/01_statement.tex; 04_vector/V002_Polarization_Identity_triangular/05_traps.tex,,no,,,暂缓：静态优先
V003,04_vector,04_vector/V003_Polarization_Identity_rectangle,矩形对角向量恒等式,C,,静态图或PDF更适合核对核心条件与结论；需按适用条件检查；未发现必须连续呈现的独立关系，暂缓GIF。,1,2,2,5,19,待确认（未使用频率统计）,04_vector/V003_Polarization_Identity_rectangle/meta.json; 04_vector/V003_Polarization_Identity_rectangle/01_statement.tex; 04_vector/V003_Polarization_Identity_rectangle/05_traps.tex,,no,,,暂缓：静态优先
V004,04_vector,04_vector/V004_Polarization_Identity_rectangle_three_dimensional,长方体向量平方和恒等式,B,逐步显露向量恒等式或坐标关系可分步显示，有助于看清先后依赖；连续运动收益有限,向量恒等式或坐标关系可分步显示；需按适用条件检查。,2,3,3,4,27,待确认（未使用频率统计）,04_vector/V004_Polarization_Identity_rectangle_three_dimensional/meta.json; 04_vector/V004_Polarization_Identity_rectangle_three_dimensional/01_statement.tex; 04_vector/V004_Polarization_Identity_rectangle_three_dimensional/05_traps.tex,,no,,,第一轮候补
V005,04_vector,04_vector/V005_Polarization_Identity_vector_product,向量点积定值轨迹,A,动态追踪向量端点、投影或三角形结构随运动改变，静态页难同时呈现全过程与边界,向量端点、投影或三角形结构随运动改变；需按适用条件检查。,3,3,3,4,31,待确认（未使用频率统计）,04_vector/V005_Polarization_Identity_vector_product/meta.json; 04_vector/V005_Polarization_Identity_vector_product/01_statement.tex; 04_vector/V005_Polarization_Identity_vector_product/05_traps.tex,,no,,,第一轮候补
V006,04_vector,04_vector/V006_Mercedes_Theorem,奔驰定理,A,动态追踪向量端点、投影或三角形结构随运动改变，静态页难同时呈现全过程与边界,向量端点、投影或三角形结构随运动改变；需按适用条件检查。,3,3,3,4,31,待确认（未使用频率统计）,04_vector/V006_Mercedes_Theorem/meta.json; 04_vector/V006_Mercedes_Theorem/01_statement.tex; 04_vector/V006_Mercedes_Theorem/05_traps.tex,,no,,,第一轮候补
V007,04_vector,04_vector/V007_Mercedes_Theorem_Corollary,奔驰定理推论,B,逐步显露向量恒等式或坐标关系可分步显示，有助于看清先后依赖；连续运动收益有限,向量恒等式或坐标关系可分步显示；需按适用条件检查。,2,3,3,4,27,待确认（未使用频率统计）,04_vector/V007_Mercedes_Theorem_Corollary/meta.json; 04_vector/V007_Mercedes_Theorem_Corollary/01_statement.tex; 04_vector/V007_Mercedes_Theorem_Corollary/05_traps.tex,,no,,,第一轮候补
V008,04_vector,04_vector/V008_gravity_center,三角形重心向量结论,C,,静态图或PDF更适合核对核心条件与结论；需按适用条件检查；未发现必须连续呈现的独立关系，暂缓GIF。,1,2,2,5,19,待确认（未使用频率统计）,04_vector/V008_gravity_center/meta.json; 04_vector/V008_gravity_center/01_statement.tex; 04_vector/V008_gravity_center/05_traps.tex,,no,,,暂缓：静态优先
V009,04_vector,04_vector/V009_Incenter,三角形内心向量结论,C,,静态图或PDF更适合核对核心条件与结论；需按适用条件检查；未发现必须连续呈现的独立关系，暂缓GIF。,1,2,2,5,19,待确认（未使用频率统计）,04_vector/V009_Incenter/meta.json; 04_vector/V009_Incenter/01_statement.tex; 04_vector/V009_Incenter/05_traps.tex,,no,,,暂缓：静态优先
V010,04_vector,04_vector/V010_Excenter,三角形旁心向量结论,C,,静态图或PDF更适合核对核心条件与结论；需按适用条件检查；未发现必须连续呈现的独立关系，暂缓GIF。,1,2,2,5,19,待确认（未使用频率统计）,04_vector/V010_Excenter/meta.json; 04_vector/V010_Excenter/01_statement.tex; 04_vector/V010_Excenter/05_traps.tex,,no,,,暂缓：静态优先
V011,04_vector,04_vector/V011_Circumcenter,三角形外心向量结论,C,,静态图或PDF更适合核对核心条件与结论；需按适用条件检查；未发现必须连续呈现的独立关系，暂缓GIF。,1,2,2,5,19,待确认（未使用频率统计）,04_vector/V011_Circumcenter/meta.json; 04_vector/V011_Circumcenter/01_statement.tex; 04_vector/V011_Circumcenter/05_traps.tex,,no,,,暂缓：静态优先
V012,04_vector,04_vector/V012_Equal_Sum_Line,等和线定理,C,,静态图或PDF更适合核对核心条件与结论；需按适用条件检查；未发现必须连续呈现的独立关系，暂缓GIF。,1,2,2,5,19,待确认（未使用频率统计）,04_vector/V012_Equal_Sum_Line/meta.json; 04_vector/V012_Equal_Sum_Line/01_statement.tex; 04_vector/V012_Equal_Sum_Line/05_traps.tex,,no,,,暂缓：静态优先
V013,04_vector,04_vector/V013_Claw,爪子定理（三点共线）,C,,静态图或PDF更适合核对核心条件与结论；需按适用条件检查；未发现必须连续呈现的独立关系，暂缓GIF。,1,2,2,5,19,待确认（未使用频率统计）,04_vector/V013_Claw/meta.json; 04_vector/V013_Claw/01_statement.tex; 04_vector/V013_Claw/05_traps.tex,,no,,,暂缓：静态优先
V014,04_vector,04_vector/V014_Dot_Product_Side_Formula,点积边长公式,B,逐步显露向量恒等式或坐标关系可分步显示，有助于看清先后依赖；连续运动收益有限,向量恒等式或坐标关系可分步显示；需按适用条件检查。,2,3,3,4,27,待确认（未使用频率统计）,04_vector/V014_Dot_Product_Side_Formula/meta.json; 04_vector/V014_Dot_Product_Side_Formula/01_statement.tex; 04_vector/V014_Dot_Product_Side_Formula/05_traps.tex,,no,,,第一轮候补
V015,04_vector,04_vector/V015_Hamilton,哈密顿定理,B,逐步显露向量恒等式或坐标关系可分步显示，有助于看清先后依赖；连续运动收益有限,向量恒等式或坐标关系可分步显示；需按适用条件检查。,2,3,3,4,27,待确认（未使用频率统计）,04_vector/V015_Hamilton/meta.json; 04_vector/V015_Hamilton/01_statement.tex; 04_vector/V015_Hamilton/05_traps.tex,,no,,,第一轮候补
V016,04_vector,04_vector/V016_Euler_Line_Four_Points,欧拉线四点共线定理,A,动态追踪向量端点、投影或三角形结构随运动改变，静态页难同时呈现全过程与边界,向量端点、投影或三角形结构随运动改变；需按适用条件检查。,3,3,3,4,31,待确认（未使用频率统计）,04_vector/V016_Euler_Line_Four_Points/meta.json; 04_vector/V016_Euler_Line_Four_Points/01_statement.tex; 04_vector/V016_Euler_Line_Four_Points/05_traps.tex,,no,,,第一轮候补
V017,04_vector,04_vector/V017_Nine_point_Circle,九点圆定理,A,动态追踪向量端点、投影或三角形结构随运动改变，静态页难同时呈现全过程与边界,向量端点、投影或三角形结构随运动改变；需按适用条件检查。,3,3,3,4,31,待确认（未使用频率统计）,04_vector/V017_Nine_point_Circle/meta.json; 04_vector/V017_Nine_point_Circle/01_statement.tex; 04_vector/V017_Nine_point_Circle/05_traps.tex,,no,,,第一轮候补
V018,04_vector,04_vector/V018_Orthocenter_Properties,垂心性质汇总,C,,静态图或PDF更适合核对核心条件与结论；需按适用条件检查；未发现必须连续呈现的独立关系，暂缓GIF。,1,2,2,5,19,待确认（未使用频率统计）,04_vector/V018_Orthocenter_Properties/meta.json; 04_vector/V018_Orthocenter_Properties/01_statement.tex; 04_vector/V018_Orthocenter_Properties/05_traps.tex,,no,,,暂缓：静态优先
V019,04_vector,04_vector/V019_Orthocenter,三角形垂心向量结论,C,,静态图或PDF更适合核对核心条件与结论；需按适用条件检查；未发现必须连续呈现的独立关系，暂缓GIF。,1,2,2,5,19,待确认（未使用频率统计）,04_vector/V019_Orthocenter/meta.json; 04_vector/V019_Orthocenter/01_statement.tex; 04_vector/V019_Orthocenter/05_traps.tex,,no,,,暂缓：静态优先
V020,04_vector,04_vector/V020_projection_scalar_vector,向量投影与投影向量,A,动态追踪向量端点、投影或三角形结构随运动改变，静态页难同时呈现全过程与边界,向量端点、投影或三角形结构随运动改变；常见误区：概念混淆。,4,4,4,5,41,待确认（未使用频率统计）,04_vector/V020_projection_scalar_vector/meta.json; 04_vector/V020_projection_scalar_vector/01_statement.tex; 04_vector/V020_projection_scalar_vector/05_traps.tex; 02_explanation.tex; 03_proof.tex; 04_examples.tex; 06_summary.tex (same directory),,yes,,7,Top 10 候选
V021,04_vector,04_vector/V021_vector_addition_laws,向量加法法则（三角形法则与平行四边形法则）,A,动态追踪向量端点、投影或三角形结构随运动改变，静态页难同时呈现全过程与边界,向量端点、投影或三角形结构随运动改变；常见误区：平移错误。,3,3,3,4,31,待确认（未使用频率统计）,04_vector/V021_vector_addition_laws/meta.json; 04_vector/V021_vector_addition_laws/01_statement.tex; 04_vector/V021_vector_addition_laws/05_traps.tex,,no,,,第一轮候补
V022,04_vector,04_vector/V022_vector_subtraction_triangle_rule,向量减法的三角形法则,A,动态追踪向量端点、投影或三角形结构随运动改变，静态页难同时呈现全过程与边界,向量端点、投影或三角形结构随运动改变；常见误区：方向易反。,3,3,3,4,31,待确认（未使用频率统计）,04_vector/V022_vector_subtraction_triangle_rule/meta.json; 04_vector/V022_vector_subtraction_triangle_rule/01_statement.tex; 04_vector/V022_vector_subtraction_triangle_rule/05_traps.tex,,no,,,第一轮候补
V023,04_vector,04_vector/V023_scalar_mult_geometric,向量数乘的几何意义,A,动态追踪向量端点、投影或三角形结构随运动改变，静态页难同时呈现全过程与边界,向量端点、投影或三角形结构随运动改变；常见误区：漏算绝对值。,3,3,3,4,31,待确认（未使用频率统计）,04_vector/V023_scalar_mult_geometric/meta.json; 04_vector/V023_scalar_mult_geometric/01_statement.tex; 04_vector/V023_scalar_mult_geometric/05_traps.tex,,no,,,第一轮候补
V024,04_vector,04_vector/V024_vector_basis_decomposition,平面向量基本定理,C,,静态图或PDF更适合核对核心条件与结论；常见误区：基底选择受限；未发现必须连续呈现的独立关系，暂缓GIF。,1,2,2,5,19,待确认（未使用频率统计）,04_vector/V024_vector_basis_decomposition/meta.json; 04_vector/V024_vector_basis_decomposition/01_statement.tex; 04_vector/V024_vector_basis_decomposition/05_traps.tex,,no,,,暂缓：静态优先
V025,04_vector,04_vector/V025_vector_coordinate_arithmetic,向量坐标运算法则：加减、数乘与点积,B,逐步显露向量恒等式或坐标关系可分步显示，有助于看清先后依赖；连续运动收益有限,向量恒等式或坐标关系可分步显示；常见误区：基底条件混淆。,2,3,3,4,27,待确认（未使用频率统计）,04_vector/V025_vector_coordinate_arithmetic/meta.json; 04_vector/V025_vector_coordinate_arithmetic/01_statement.tex; 04_vector/V025_vector_coordinate_arithmetic/05_traps.tex,,no,,,第一轮候补
V026,04_vector,04_vector/V026_vector_magnitude_coordinate,向量模长公式,B,逐步显露向量恒等式或坐标关系可分步显示，有助于看清先后依赖；连续运动收益有限,向量恒等式或坐标关系可分步显示；常见误区：忘记根号。,2,3,3,4,27,待确认（未使用频率统计）,04_vector/V026_vector_magnitude_coordinate/meta.json; 04_vector/V026_vector_magnitude_coordinate/01_statement.tex; 04_vector/V026_vector_magnitude_coordinate/05_traps.tex,,no,,,第一轮候补
V027,04_vector,04_vector/V027_vector_angle_cosine,向量夹角余弦公式,B,逐步显露向量恒等式或坐标关系可分步显示，有助于看清先后依赖；连续运动收益有限,向量恒等式或坐标关系可分步显示；常见误区：忽略非零。,2,3,3,4,27,待确认（未使用频率统计）,04_vector/V027_vector_angle_cosine/meta.json; 04_vector/V027_vector_angle_cosine/01_statement.tex; 04_vector/V027_vector_angle_cosine/05_traps.tex,,no,,,第一轮候补
V028,04_vector,04_vector/V028_parallel_collinear_condition,向量平行与三点共线的坐标判定,B,逐步显露向量恒等式或坐标关系可分步显示，有助于看清先后依赖；连续运动收益有限,向量恒等式或坐标关系可分步显示；常见误区：非零前提。,2,3,3,4,27,待确认（未使用频率统计）,04_vector/V028_parallel_collinear_condition/meta.json; 04_vector/V028_parallel_collinear_condition/01_statement.tex; 04_vector/V028_parallel_collinear_condition/05_traps.tex,,no,,,第一轮候补
V029,04_vector,04_vector/V029_vector_perpendicular_dot_zero,向量垂直的坐标判定（点积为零）,B,逐步显露向量恒等式或坐标关系可分步显示，有助于看清先后依赖；连续运动收益有限,向量恒等式或坐标关系可分步显示；常见误区：忽略非零。,2,3,3,4,27,待确认（未使用频率统计）,04_vector/V029_vector_perpendicular_dot_zero/meta.json; 04_vector/V029_vector_perpendicular_dot_zero/01_statement.tex; 04_vector/V029_vector_perpendicular_dot_zero/05_traps.tex,,no,,,第一轮候补
V030,04_vector,04_vector/V030_unit_vector_normalization,单位向量定义：非零向量除以模长,B,逐步显露向量恒等式或坐标关系可分步显示，有助于看清先后依赖；连续运动收益有限,向量恒等式或坐标关系可分步显示；常见误区：零向量特例。,2,3,3,4,27,待确认（未使用频率统计）,04_vector/V030_unit_vector_normalization/meta.json; 04_vector/V030_unit_vector_normalization/01_statement.tex; 04_vector/V030_unit_vector_normalization/05_traps.tex,,no,,,第一轮候补
V031,04_vector,04_vector/V031_point_division_formula,定比分点坐标公式,A,动态追踪向量端点、投影或三角形结构随运动改变，静态页难同时呈现全过程与边界,向量端点、投影或三角形结构随运动改变；常见误区：分母非零。,3,3,3,4,31,待确认（未使用频率统计）,04_vector/V031_point_division_formula/meta.json; 04_vector/V031_point_division_formula/01_statement.tex; 04_vector/V031_point_division_formula/05_traps.tex,,no,,,第一轮候补
V032,04_vector,04_vector/V032_parallelogram_diagonal_square_sum,平行四边形对角线平方和定理（向量恒等式）,C,,静态图或PDF更适合核对核心条件与结论；常见误区：忽视图形条件；未发现必须连续呈现的独立关系，暂缓GIF。,1,2,2,5,19,待确认（未使用频率统计）,04_vector/V032_parallelogram_diagonal_square_sum/meta.json; 04_vector/V032_parallelogram_diagonal_square_sum/01_statement.tex; 04_vector/V032_parallelogram_diagonal_square_sum/05_traps.tex,,no,,,暂缓：静态优先
V033,04_vector,04_vector/V033_triangle_area_cross_product,坐标三角形面积公式,B,逐步显露向量恒等式或坐标关系可分步显示，有助于看清先后依赖；连续运动收益有限,向量恒等式或坐标关系可分步显示；常见误区：缺绝对值。,2,3,3,4,27,待确认（未使用频率统计）,04_vector/V033_triangle_area_cross_product/meta.json; 04_vector/V033_triangle_area_cross_product/01_statement.tex; 04_vector/V033_triangle_area_cross_product/05_traps.tex,,no,,,第一轮候补
V034,04_vector,04_vector/V034_vector_sum_zero_triangle,向量和为零与三角形封闭条件,A,动态追踪向量端点、投影或三角形结构随运动改变，静态页难同时呈现全过程与边界,向量端点、投影或三角形结构随运动改变；常见误区：忽略非零条件。,3,3,3,4,31,待确认（未使用频率统计）,04_vector/V034_vector_sum_zero_triangle/meta.json; 04_vector/V034_vector_sum_zero_triangle/01_statement.tex; 04_vector/V034_vector_sum_zero_triangle/05_traps.tex,,no,,,第一轮候补
V035,04_vector,04_vector/V035_point_line_distance_vector,向量法求点到直线的距离公式,A,动态追踪向量端点、投影或三角形结构随运动改变，静态页难同时呈现全过程与边界,向量端点、投影或三角形结构随运动改变；常见误区：叉积分式混淆。,3,3,3,4,31,待确认（未使用频率统计）,04_vector/V035_point_line_distance_vector/meta.json; 04_vector/V035_point_line_distance_vector/01_statement.tex; 04_vector/V035_point_line_distance_vector/05_traps.tex,,no,,,第一轮候补
V036,04_vector,04_vector/V036_vector_triangle_shape_detection,向量数量积与模长判定三角形形状,B,逐步显露向量恒等式或坐标关系可分步显示，有助于看清先后依赖；连续运动收益有限,向量恒等式或坐标关系可分步显示；常见误区：共线前提。,2,3,3,4,27,待确认（未使用频率统计）,04_vector/V036_vector_triangle_shape_detection/meta.json; 04_vector/V036_vector_triangle_shape_detection/01_statement.tex; 04_vector/V036_vector_triangle_shape_detection/05_traps.tex,,no,,,第一轮候补
V037,04_vector,04_vector/V037_vector_cauchy_schwarz,向量形式的柯西-施瓦茨不等式,C,,静态图或PDF更适合核对核心条件与结论；常见误区：忽略绝对值符；未发现必须连续呈现的独立关系，暂缓GIF。,1,2,2,5,19,待确认（未使用频率统计）,04_vector/V037_vector_cauchy_schwarz/meta.json; 04_vector/V037_vector_cauchy_schwarz/01_statement.tex; 04_vector/V037_vector_cauchy_schwarz/05_traps.tex,,no,,,暂缓：静态优先
V038,04_vector,04_vector/V038_vector_triangle_inequality,向量三角不等式,C,,静态图或PDF更适合核对核心条件与结论；常见误区：取等条件混淆；未发现必须连续呈现的独立关系，暂缓GIF。,1,2,2,5,19,待确认（未使用频率统计）,04_vector/V038_vector_triangle_inequality/meta.json; 04_vector/V038_vector_triangle_inequality/01_statement.tex; 04_vector/V038_vector_triangle_inequality/05_traps.tex,,no,,,暂缓：静态优先
G001,05_geometry-solid,05_geometry-solid/G001_sphere_volume_surface_formula,球体体积与表面积公式,B,逐步显露体积、半径或数量关系可分步显示，有助于看清先后依赖；连续运动收益有限,体积、半径或数量关系可分步显示；常见误区：混淆系数。,2,3,3,4,27,待确认（未使用频率统计）,05_geometry-solid/G001_sphere_volume_surface_formula/meta.json; 05_geometry-solid/G001_sphere_volume_surface_formula/01_statement.tex; 05_geometry-solid/G001_sphere_volume_surface_formula/05_traps.tex,,no,,,第一轮候补
G002,05_geometry-solid,05_geometry-solid/G002_sphere_ratio_surface_volume,球的半径比与表面积体积比的比例关系,B,逐步显露体积、半径或数量关系可分步显示，有助于看清先后依赖；连续运动收益有限,体积、半径或数量关系可分步显示；常见误区：混淆平方与立方。,2,3,3,4,27,待确认（未使用频率统计）,05_geometry-solid/G002_sphere_ratio_surface_volume/meta.json; 05_geometry-solid/G002_sphere_ratio_surface_volume/01_statement.tex; 05_geometry-solid/G002_sphere_ratio_surface_volume/05_traps.tex,,no,,,第一轮候补
G003,05_geometry-solid,05_geometry-solid/G003_pyramid_circumsphere_center_altitude,三棱锥外接球球心定位：侧棱相等用垂线法,A,动态追踪空间投影、旋转、截面或角度构造随位置改变，静态页难同时呈现全过程与边界,空间投影、旋转、截面或角度构造随位置改变；常见误区：条件误用。,3,3,3,4,31,待确认（未使用频率统计）,05_geometry-solid/G003_pyramid_circumsphere_center_altitude/meta.json; 05_geometry-solid/G003_pyramid_circumsphere_center_altitude/01_statement.tex; 05_geometry-solid/G003_pyramid_circumsphere_center_altitude/05_traps.tex,,no,,,第一轮候补
G004,05_geometry-solid,05_geometry-solid/G004_spheroid_surface_area,旋转椭球表面积公式（长轴/短轴情形）,B,逐步显露体积、半径或数量关系可分步显示，有助于看清先后依赖；连续运动收益有限,体积、半径或数量关系可分步显示；常见误区：把圆周长直接相加。,2,3,3,4,27,待确认（未使用频率统计）,05_geometry-solid/G004_spheroid_surface_area/meta.json; 05_geometry-solid/G004_spheroid_surface_area/01_statement.tex; 05_geometry-solid/G004_spheroid_surface_area/05_traps.tex,,no,,,第一轮候补
G005,05_geometry-solid,05_geometry-solid/G005_cuboid_circumsphere_radius,长方体外接球半径公式,B,逐步显露体积、半径或数量关系可分步显示，有助于看清先后依赖；连续运动收益有限,体积、半径或数量关系可分步显示；常见误区：误用底面矩形。,2,3,3,4,27,待确认（未使用频率统计）,05_geometry-solid/G005_cuboid_circumsphere_radius/meta.json; 05_geometry-solid/G005_cuboid_circumsphere_radius/01_statement.tex; 05_geometry-solid/G005_cuboid_circumsphere_radius/05_traps.tex,,no,,,第一轮候补
G006,05_geometry-solid,05_geometry-solid/G006_cube_circumsphere_radius,正方体外接球半径公式,B,逐步显露体积、半径或数量关系可分步显示，有助于看清先后依赖；连续运动收益有限,体积、半径或数量关系可分步显示；常见误区：混淆半径公式。,2,3,3,4,27,待确认（未使用频率统计）,05_geometry-solid/G006_cube_circumsphere_radius/meta.json; 05_geometry-solid/G006_cube_circumsphere_radius/01_statement.tex; 05_geometry-solid/G006_cube_circumsphere_radius/05_traps.tex,,no,,,第一轮候补
G007,05_geometry-solid,05_geometry-solid/G007_right_prism_circumsphere_radius,直棱柱外接球半径公式,C,,静态图或PDF更适合核对核心条件与结论；常见误区：忽略直棱柱条件；未发现必须连续呈现的独立关系，暂缓GIF。,1,2,2,5,19,待确认（未使用频率统计）,05_geometry-solid/G007_right_prism_circumsphere_radius/meta.json; 05_geometry-solid/G007_right_prism_circumsphere_radius/01_statement.tex; 05_geometry-solid/G007_right_prism_circumsphere_radius/05_traps.tex,,no,,,暂缓：静态优先
G008,05_geometry-solid,05_geometry-solid/G008_regular_triangular_prism_circumradius,正三棱柱外接球半径公式,B,逐步显露体积、半径或数量关系可分步显示，有助于看清先后依赖；连续运动收益有限,体积、半径或数量关系可分步显示；常见误区：外接圆半径混淆。,2,3,3,4,27,待确认（未使用频率统计）,05_geometry-solid/G008_regular_triangular_prism_circumradius/meta.json; 05_geometry-solid/G008_regular_triangular_prism_circumradius/01_statement.tex; 05_geometry-solid/G008_regular_triangular_prism_circumradius/05_traps.tex,,no,,,第一轮候补
G009,05_geometry-solid,05_geometry-solid/G009_regular_pyramid_circumradius,正棱锥外接球半径公式,C,,静态图或PDF更适合核对核心条件与结论；常见误区：混淆内切球；未发现必须连续呈现的独立关系，暂缓GIF。,1,2,2,5,19,待确认（未使用频率统计）,05_geometry-solid/G009_regular_pyramid_circumradius/meta.json; 05_geometry-solid/G009_regular_pyramid_circumradius/01_statement.tex; 05_geometry-solid/G009_regular_pyramid_circumradius/05_traps.tex,,no,,,暂缓：静态优先
G010,05_geometry-solid,05_geometry-solid/G010_regular_tetrahedron_circumradius,正四面体外接球半径公式,B,逐步显露体积、半径或数量关系可分步显示，有助于看清先后依赖；连续运动收益有限,体积、半径或数量关系可分步显示；常见误区：球心位置。,2,3,3,4,27,待确认（未使用频率统计）,05_geometry-solid/G010_regular_tetrahedron_circumradius/meta.json; 05_geometry-solid/G010_regular_tetrahedron_circumradius/01_statement.tex; 05_geometry-solid/G010_regular_tetrahedron_circumradius/05_traps.tex,,no,,,第一轮候补
G011,05_geometry-solid,05_geometry-solid/G011_cone_circumradius,圆锥外接球半径公式,C,,静态图或PDF更适合核对核心条件与结论；常见误区：对象不明确；未发现必须连续呈现的独立关系，暂缓GIF。,1,2,2,5,19,待确认（未使用频率统计）,05_geometry-solid/G011_cone_circumradius/meta.json; 05_geometry-solid/G011_cone_circumradius/01_statement.tex; 05_geometry-solid/G011_cone_circumradius/05_traps.tex,,no,,,暂缓：静态优先
G012,05_geometry-solid,05_geometry-solid/G012_line_plane_parallel_criterion,直线与平面平行的判定定理,A,动态追踪空间投影、旋转、截面或角度构造随位置改变，静态页难同时呈现全过程与边界,空间投影、旋转、截面或角度构造随位置改变；常见误区：漏掉目标线不在平面内}}]。,3,3,3,4,31,待确认（未使用频率统计）,05_geometry-solid/G012_line_plane_parallel_criterion/meta.json; 05_geometry-solid/G012_line_plane_parallel_criterion/01_statement.tex; 05_geometry-solid/G012_line_plane_parallel_criterion/05_traps.tex,,no,,,第一轮候补
G013,05_geometry-solid,05_geometry-solid/G013_line_plane_parallel_intersection,线面平行性质定理：由线面平行推出与交线平行,A,动态追踪空间投影、旋转、截面或角度构造随位置改变，静态页难同时呈现全过程与边界,空间投影、旋转、截面或角度构造随位置改变；常见误区：缺线在面内条件。,3,3,3,4,31,待确认（未使用频率统计）,05_geometry-solid/G013_line_plane_parallel_intersection/meta.json; 05_geometry-solid/G013_line_plane_parallel_intersection/01_statement.tex; 05_geometry-solid/G013_line_plane_parallel_intersection/05_traps.tex,,no,,,第一轮候补
G014,05_geometry-solid,05_geometry-solid/G014_plane_parallel_criterion,面面平行判定定理,C,,静态图或PDF更适合核对核心条件与结论；常见误区：忽视相交条件；未发现必须连续呈现的独立关系，暂缓GIF。,1,2,2,5,19,待确认（未使用频率统计）,05_geometry-solid/G014_plane_parallel_criterion/meta.json; 05_geometry-solid/G014_plane_parallel_criterion/01_statement.tex; 05_geometry-solid/G014_plane_parallel_criterion/05_traps.tex,,no,,,暂缓：静态优先
G015,05_geometry-solid,05_geometry-solid/G015_parallel_planes_intersection_parallel,面面平行性质定理（交线平行）,C,,静态图或PDF更适合核对核心条件与结论；常见误区：忽略平行前提；未发现必须连续呈现的独立关系，暂缓GIF。,1,2,2,5,19,待确认（未使用频率统计）,05_geometry-solid/G015_parallel_planes_intersection_parallel/meta.json; 05_geometry-solid/G015_parallel_planes_intersection_parallel/01_statement.tex; 05_geometry-solid/G015_parallel_planes_intersection_parallel/05_traps.tex,,no,,,暂缓：静态优先
G016,05_geometry-solid,05_geometry-solid/G016_line_plane_perpendicular_criterion,线面垂直判定定理,A,动态追踪空间投影、旋转、截面或角度构造随位置改变，静态页难同时呈现全过程与边界,空间投影、旋转、截面或角度构造随位置改变；常见误区：忽略相交条件。,3,3,3,4,31,待确认（未使用频率统计）,05_geometry-solid/G016_line_plane_perpendicular_criterion/meta.json; 05_geometry-solid/G016_line_plane_perpendicular_criterion/01_statement.tex; 05_geometry-solid/G016_line_plane_perpendicular_criterion/05_traps.tex,,no,,,第一轮候补
G017,05_geometry-solid,05_geometry-solid/G017_lines_perpendicular_same_plane_parallel,线面垂直的性质定理,C,,静态图或PDF更适合核对核心条件与结论；常见误区：缺少同平面条件；未发现必须连续呈现的独立关系，暂缓GIF。,1,2,2,5,19,待确认（未使用频率统计）,05_geometry-solid/G017_lines_perpendicular_same_plane_parallel/meta.json; 05_geometry-solid/G017_lines_perpendicular_same_plane_parallel/01_statement.tex; 05_geometry-solid/G017_lines_perpendicular_same_plane_parallel/05_traps.tex,,no,,,暂缓：静态优先
G018,05_geometry-solid,05_geometry-solid/G018_plane_perpendicular_via_line_in_plane,面面垂直判定定理（线面垂直推面面垂直）,A,动态追踪空间投影、旋转、截面或角度构造随位置改变，静态页难同时呈现全过程与边界,空间投影、旋转、截面或角度构造随位置改变；常见误区：缺失线在面内。,3,3,3,4,31,待确认（未使用频率统计）,05_geometry-solid/G018_plane_perpendicular_via_line_in_plane/meta.json; 05_geometry-solid/G018_plane_perpendicular_via_line_in_plane/01_statement.tex; 05_geometry-solid/G018_plane_perpendicular_via_line_in_plane/05_traps.tex,,no,,,第一轮候补
G019,05_geometry-solid,05_geometry-solid/G019_perp_planes_line_perp_other,面面垂直性质定理,A,动态追踪空间投影、旋转、截面或角度构造随位置改变，静态页难同时呈现全过程与边界,空间投影、旋转、截面或角度构造随位置改变；常见误区：缺直线在面内。,3,3,3,4,31,待确认（未使用频率统计）,05_geometry-solid/G019_perp_planes_line_perp_other/meta.json; 05_geometry-solid/G019_perp_planes_line_perp_other/01_statement.tex; 05_geometry-solid/G019_perp_planes_line_perp_other/05_traps.tex,,no,,,第一轮候补
G020,05_geometry-solid,05_geometry-solid/G020_three_perpendiculars,三垂线定理及其逆定理,A,动态追踪空间投影、旋转、截面或角度构造随位置改变，静态页难同时呈现全过程与边界,空间投影、旋转、截面或角度构造随位置改变；常见误区：射影判定错误。,5,4,4,5,45,待确认（未使用频率统计）,05_geometry-solid/G020_three_perpendiculars/meta.json; 05_geometry-solid/G020_three_perpendiculars/01_statement.tex; 05_geometry-solid/G020_three_perpendiculars/05_traps.tex; 02_explanation.tex; 03_proof.tex; 04_examples.tex; 06_summary.tex (same directory),,yes,,4,Top 10 候选
G021,05_geometry-solid,05_geometry-solid/G021_line_plane_angle_sine,线面角正弦公式：垂线段长度比斜线段长度,A,动态追踪空间投影、旋转、截面或角度构造随位置改变，静态页难同时呈现全过程与边界,空间投影、旋转、截面或角度构造随位置改变；常见误区：混淆射影角。,3,3,3,4,31,待确认（未使用频率统计）,05_geometry-solid/G021_line_plane_angle_sine/meta.json; 05_geometry-solid/G021_line_plane_angle_sine/01_statement.tex; 05_geometry-solid/G021_line_plane_angle_sine/05_traps.tex,,no,,,第一轮候补
G022,05_geometry-solid,05_geometry-solid/G022_parallel_transfer_chain,平行转化链,C,,静态图或PDF更适合核对核心条件与结论；常见误区：漏判线在面外；未发现必须连续呈现的独立关系，暂缓GIF。,1,2,2,5,19,待确认（未使用频率统计）,05_geometry-solid/G022_parallel_transfer_chain/meta.json; 05_geometry-solid/G022_parallel_transfer_chain/01_statement.tex; 05_geometry-solid/G022_parallel_transfer_chain/05_traps.tex,,no,,,暂缓：静态优先
G023,05_geometry-solid,05_geometry-solid/G023_perpendicular_conversion_chain,垂直转化链：线线、线面、面面垂直双向转化,C,,静态图或PDF更适合核对核心条件与结论；常见误区：忽略相交线；未发现必须连续呈现的独立关系，暂缓GIF。,1,2,2,5,19,待确认（未使用频率统计）,05_geometry-solid/G023_perpendicular_conversion_chain/meta.json; 05_geometry-solid/G023_perpendicular_conversion_chain/01_statement.tex; 05_geometry-solid/G023_perpendicular_conversion_chain/05_traps.tex,,no,,,暂缓：静态优先
G024,05_geometry-solid,05_geometry-solid/G024_point_plane_distance_vector,点到平面的距离（向量法）,A,动态追踪空间投影、旋转、截面或角度构造随位置改变，静态页难同时呈现全过程与边界,空间投影、旋转、截面或角度构造随位置改变；常见误区：忽略绝对值。,3,3,3,4,31,待确认（未使用频率统计）,05_geometry-solid/G024_point_plane_distance_vector/meta.json; 05_geometry-solid/G024_point_plane_distance_vector/01_statement.tex; 05_geometry-solid/G024_point_plane_distance_vector/05_traps.tex,,no,,,第一轮候补
G025,05_geometry-solid,05_geometry-solid/G025_point_plane_distance_volume,等体积法求点到平面的距离,C,,静态图或PDF更适合核对核心条件与结论；常见误区：公式漏系数；未发现必须连续呈现的独立关系，暂缓GIF。,1,2,2,5,19,待确认（未使用频率统计）,05_geometry-solid/G025_point_plane_distance_volume/meta.json; 05_geometry-solid/G025_point_plane_distance_volume/01_statement.tex; 05_geometry-solid/G025_point_plane_distance_volume/05_traps.tex,,no,,,暂缓：静态优先
G026,05_geometry-solid,05_geometry-solid/G026_skew_lines_angle_cosine,异面直线所成角公式（平移法）,A,动态追踪空间投影、旋转、截面或角度构造随位置改变，静态页难同时呈现全过程与边界,空间投影、旋转、截面或角度构造随位置改变；常见误区：忘记取绝对值。,3,3,3,4,31,待确认（未使用频率统计）,05_geometry-solid/G026_skew_lines_angle_cosine/meta.json; 05_geometry-solid/G026_skew_lines_angle_cosine/01_statement.tex; 05_geometry-solid/G026_skew_lines_angle_cosine/05_traps.tex,,no,,,第一轮候补
G027,05_geometry-solid,05_geometry-solid/G027_line_plane_angle_vector,线面角的向量公式,C,,静态图或PDF更适合核对核心条件与结论；常见误区：混淆正弦与余弦；未发现必须连续呈现的独立关系，暂缓GIF。,1,2,2,5,19,待确认（未使用频率统计）,05_geometry-solid/G027_line_plane_angle_vector/meta.json; 05_geometry-solid/G027_line_plane_angle_vector/01_statement.tex; 05_geometry-solid/G027_line_plane_angle_vector/05_traps.tex,,no,,,暂缓：静态优先
G028,05_geometry-solid,05_geometry-solid/G028_dihedral_angle_definition,二面角的平面角定义法（垂线+余弦定理）,A,动态追踪空间投影、旋转、截面或角度构造随位置改变，静态页难同时呈现全过程与边界,空间投影、旋转、截面或角度构造随位置改变；常见误区：垂线共点。,4,4,4,4,40,待确认（未使用频率统计）,05_geometry-solid/G028_dihedral_angle_definition/meta.json; 05_geometry-solid/G028_dihedral_angle_definition/01_statement.tex; 05_geometry-solid/G028_dihedral_angle_definition/05_traps.tex; 02_explanation.tex; 03_proof.tex; 04_examples.tex; 06_summary.tex (same directory),,yes,,10,Top 10 候选
G029,05_geometry-solid,05_geometry-solid/G029_dihedral_angle_normal_cosine,二面角的法向量求法,A,动态追踪空间投影、旋转、截面或角度构造随位置改变，静态页难同时呈现全过程与边界,空间投影、旋转、截面或角度构造随位置改变；常见误区：忽略绝对值。,3,3,3,4,31,待确认（未使用频率统计）,05_geometry-solid/G029_dihedral_angle_normal_cosine/meta.json; 05_geometry-solid/G029_dihedral_angle_normal_cosine/01_statement.tex; 05_geometry-solid/G029_dihedral_angle_normal_cosine/05_traps.tex,,no,,,第一轮候补
G030,05_geometry-solid,05_geometry-solid/G030_projection_area_dihedral_angle,射影面积法求二面角,A,动态追踪空间投影、旋转、截面或角度构造随位置改变，静态页难同时呈现全过程与边界,空间投影、旋转、截面或角度构造随位置改变；常见误区：忽略绝对值。,3,3,3,4,31,待确认（未使用频率统计）,05_geometry-solid/G030_projection_area_dihedral_angle/meta.json; 05_geometry-solid/G030_projection_area_dihedral_angle/01_statement.tex; 05_geometry-solid/G030_projection_area_dihedral_angle/05_traps.tex,,no,,,第一轮候补
G031,05_geometry-solid,05_geometry-solid/G031_three_cosine_rule,最小角定理（三余弦定理）,C,,静态图或PDF更适合核对核心条件与结论；常见误区：误解最小角方向；未发现必须连续呈现的独立关系，暂缓GIF。,1,2,2,5,19,待确认（未使用频率统计）,05_geometry-solid/G031_three_cosine_rule/meta.json; 05_geometry-solid/G031_three_cosine_rule/01_statement.tex; 05_geometry-solid/G031_three_cosine_rule/05_traps.tex,,no,,,暂缓：静态优先
G032,05_geometry-solid,05_geometry-solid/G032_skew_lines_distance_cross_product,异面直线距离公式（向量公垂线法）,A,动态追踪空间投影、旋转、截面或角度构造随位置改变，静态页难同时呈现全过程与边界,空间投影、旋转、截面或角度构造随位置改变；常见误区：叉积为零误用。,3,3,3,4,31,待确认（未使用频率统计）,05_geometry-solid/G032_skew_lines_distance_cross_product/meta.json; 05_geometry-solid/G032_skew_lines_distance_cross_product/01_statement.tex; 05_geometry-solid/G032_skew_lines_distance_cross_product/05_traps.tex,,no,,,第一轮候补
G033,05_geometry-solid,05_geometry-solid/G033_parallel_case_point_plane_distance,线面距与面面距转化为点面距,C,,静态图或PDF更适合核对核心条件与结论；常见误区：忽视平行条件；未发现必须连续呈现的独立关系，暂缓GIF。,1,2,2,5,19,待确认（未使用频率统计）,05_geometry-solid/G033_parallel_case_point_plane_distance/meta.json; 05_geometry-solid/G033_parallel_case_point_plane_distance/01_statement.tex; 05_geometry-solid/G033_parallel_case_point_plane_distance/05_traps.tex,,no,,,暂缓：静态优先
G034,05_geometry-solid,05_geometry-solid/G034_tetrahedron_volume_to_height,等体积法求高,C,,静态图或PDF更适合核对核心条件与结论；常见误区：系数遗漏；未发现必须连续呈现的独立关系，暂缓GIF。,1,2,2,5,19,待确认（未使用频率统计）,05_geometry-solid/G034_tetrahedron_volume_to_height/meta.json; 05_geometry-solid/G034_tetrahedron_volume_to_height/01_statement.tex; 05_geometry-solid/G034_tetrahedron_volume_to_height/05_traps.tex,,no,,,暂缓：静态优先
G035,05_geometry-solid,05_geometry-solid/G035_right_tetrahedron_circumradius,墙角模型外接球半径公式,C,,静态图或PDF更适合核对核心条件与结论；常见误区：条件遗漏；未发现必须连续呈现的独立关系，暂缓GIF。,1,2,2,5,19,待确认（未使用频率统计）,05_geometry-solid/G035_right_tetrahedron_circumradius/meta.json; 05_geometry-solid/G035_right_tetrahedron_circumradius/01_statement.tex; 05_geometry-solid/G035_right_tetrahedron_circumradius/05_traps.tex,,no,,,暂缓：静态优先
G036,05_geometry-solid,05_geometry-solid/G036_disphenoid_cuboid_volume_radius,对棱相等四面体补形长方体法：体积与外接球半径,A,动态追踪空间投影、旋转、截面或角度构造随位置改变，静态页难同时呈现全过程与边界,空间投影、旋转、截面或角度构造随位置改变；常见误区：根号内非正。,3,3,3,4,31,待确认（未使用频率统计）,05_geometry-solid/G036_disphenoid_cuboid_volume_radius/meta.json; 05_geometry-solid/G036_disphenoid_cuboid_volume_radius/01_statement.tex; 05_geometry-solid/G036_disphenoid_cuboid_volume_radius/05_traps.tex,,no,,,第一轮候补
G037,05_geometry-solid,05_geometry-solid/G037_pyramid_perpendicular_edge_circumradius,侧棱垂直底面外接球半径公式,C,,静态图或PDF更适合核对核心条件与结论；常见误区：球心位置误判；未发现必须连续呈现的独立关系，暂缓GIF。,1,2,2,5,19,待确认（未使用频率统计）,05_geometry-solid/G037_pyramid_perpendicular_edge_circumradius/meta.json; 05_geometry-solid/G037_pyramid_perpendicular_edge_circumradius/01_statement.tex; 05_geometry-solid/G037_pyramid_perpendicular_edge_circumradius/05_traps.tex,,no,,,暂缓：静态优先
G038,05_geometry-solid,05_geometry-solid/G038_right_prism_circumsphere_radius,直棱柱（圆柱）外接球半径公式,C,,静态图或PDF更适合核对核心条件与结论；常见误区：底面外接圆混淆；未发现必须连续呈现的独立关系，暂缓GIF。,1,2,2,5,19,待确认（未使用频率统计）,05_geometry-solid/G038_right_prism_circumsphere_radius/meta.json; 05_geometry-solid/G038_right_prism_circumsphere_radius/01_statement.tex; 05_geometry-solid/G038_right_prism_circumsphere_radius/05_traps.tex,,no,,,暂缓：静态优先
G039,05_geometry-solid,05_geometry-solid/G039_regular_tetrahedron_height,正四面体的高公式,B,逐步显露体积、半径或数量关系可分步显示，有助于看清先后依赖；连续运动收益有限,体积、半径或数量关系可分步显示；常见误区：公式混淆。,2,3,3,4,27,待确认（未使用频率统计）,05_geometry-solid/G039_regular_tetrahedron_height/meta.json; 05_geometry-solid/G039_regular_tetrahedron_height/01_statement.tex; 05_geometry-solid/G039_regular_tetrahedron_height/05_traps.tex,,no,,,第一轮候补
G040,05_geometry-solid,05_geometry-solid/G040_cuboid_supplement_circumradius,补形法求外接球半径公式,A,动态追踪空间投影、旋转、截面或角度构造随位置改变，静态页难同时呈现全过程与边界,空间投影、旋转、截面或角度构造随位置改变；常见误区：补形条件。,3,3,3,4,31,待确认（未使用频率统计）,05_geometry-solid/G040_cuboid_supplement_circumradius/meta.json; 05_geometry-solid/G040_cuboid_supplement_circumradius/01_statement.tex; 05_geometry-solid/G040_cuboid_supplement_circumradius/05_traps.tex,,no,,,第一轮候补
G041,05_geometry-solid,05_geometry-solid/G041_polyhedra_circumsphere_diameter,球内接正方体、长方体、正四面体的外接球直径公式,B,逐步显露体积、半径或数量关系可分步显示，有助于看清先后依赖；连续运动收益有限,体积、半径或数量关系可分步显示；常见误区：公式混淆。,2,3,3,4,27,待确认（未使用频率统计）,05_geometry-solid/G041_polyhedra_circumsphere_diameter/meta.json; 05_geometry-solid/G041_polyhedra_circumsphere_diameter/01_statement.tex; 05_geometry-solid/G041_polyhedra_circumsphere_diameter/05_traps.tex,,no,,,第一轮候补
G042,05_geometry-solid,05_geometry-solid/G042_cube_sphere_radii,正方体内切球、棱切球、外接球半径公式,C,,静态图或PDF更适合核对核心条件与结论；常见误区：半径公式混淆；未发现必须连续呈现的独立关系，暂缓GIF。,1,2,2,5,19,待确认（未使用频率统计）,05_geometry-solid/G042_cube_sphere_radii/meta.json; 05_geometry-solid/G042_cube_sphere_radii/01_statement.tex; 05_geometry-solid/G042_cube_sphere_radii/05_traps.tex,,no,,,暂缓：静态优先
G043,05_geometry-solid,05_geometry-solid/G043_regular_tetrahedron_height_insphere_ratio,正四面体高、内切球半径及球心位置,C,,静态图或PDF更适合核对核心条件与结论；常见误区：公式记错；未发现必须连续呈现的独立关系，暂缓GIF。,1,2,2,5,19,待确认（未使用频率统计）,05_geometry-solid/G043_regular_tetrahedron_height_insphere_ratio/meta.json; 05_geometry-solid/G043_regular_tetrahedron_height_insphere_ratio/01_statement.tex; 05_geometry-solid/G043_regular_tetrahedron_height_insphere_ratio/05_traps.tex,,no,,,暂缓：静态优先
G044,05_geometry-solid,05_geometry-solid/G044_inscribed_sphere_radius_formula,内切球半径公式,B,逐步显露体积、半径或数量关系可分步显示，有助于看清先后依赖；连续运动收益有限,体积、半径或数量关系可分步显示；常见误区：存在条件。,2,3,3,4,27,待确认（未使用频率统计）,05_geometry-solid/G044_inscribed_sphere_radius_formula/meta.json; 05_geometry-solid/G044_inscribed_sphere_radius_formula/01_statement.tex; 05_geometry-solid/G044_inscribed_sphere_radius_formula/05_traps.tex,,no,,,第一轮候补
G045,05_geometry-solid,05_geometry-solid/G045_sphere_section_radius,球截面圆半径公式,A,动态追踪空间投影、旋转、截面或角度构造随位置改变，静态页难同时呈现全过程与边界,空间投影、旋转、截面或角度构造随位置改变；常见误区：忽略距离范围。,3,3,3,4,31,待确认（未使用频率统计）,05_geometry-solid/G045_sphere_section_radius/meta.json; 05_geometry-solid/G045_sphere_section_radius/01_statement.tex; 05_geometry-solid/G045_sphere_section_radius/05_traps.tex,,no,,,第一轮候补
G046,05_geometry-solid,05_geometry-solid/G046_spherical_distance,球面距离公式,A,动态追踪空间投影、旋转、截面或角度构造随位置改变，静态页难同时呈现全过程与边界,空间投影、旋转、截面或角度构造随位置改变；常见误区：弧度制混淆。,3,3,3,4,31,待确认（未使用频率统计）,05_geometry-solid/G046_spherical_distance/meta.json; 05_geometry-solid/G046_spherical_distance/01_statement.tex; 05_geometry-solid/G046_spherical_distance/05_traps.tex,,no,,,第一轮候补
G047,05_geometry-solid,05_geometry-solid/G047_right_cone_inscribed_radius,直圆锥内切球半径公式（轴截面法）,C,,静态图或PDF更适合核对核心条件与结论；常见误区：公式记忆；未发现必须连续呈现的独立关系，暂缓GIF。,1,2,2,5,19,待确认（未使用频率统计）,05_geometry-solid/G047_right_cone_inscribed_radius/meta.json; 05_geometry-solid/G047_right_cone_inscribed_radius/01_statement.tex; 05_geometry-solid/G047_right_cone_inscribed_radius/05_traps.tex,,no,,,暂缓：静态优先
G048,05_geometry-solid,05_geometry-solid/G048_cylinder_inscribed_sphere_condition,圆柱内切球充要条件,B,逐步显露体积、半径或数量关系可分步显示，有助于看清先后依赖；连续运动收益有限,体积、半径或数量关系可分步显示；常见误区：条件混淆。,2,3,3,4,27,待确认（未使用频率统计）,05_geometry-solid/G048_cylinder_inscribed_sphere_condition/meta.json; 05_geometry-solid/G048_cylinder_inscribed_sphere_condition/01_statement.tex; 05_geometry-solid/G048_cylinder_inscribed_sphere_condition/05_traps.tex,,no,,,第一轮候补
G049,05_geometry-solid,05_geometry-solid/G049_prism_cylinder_volume,柱体体积统一公式,B,逐步显露体积、半径或数量关系可分步显示，有助于看清先后依赖；连续运动收益有限,体积、半径或数量关系可分步显示；常见误区：混淆高与棱。,2,3,3,4,27,待确认（未使用频率统计）,05_geometry-solid/G049_prism_cylinder_volume/meta.json; 05_geometry-solid/G049_prism_cylinder_volume/01_statement.tex; 05_geometry-solid/G049_prism_cylinder_volume/05_traps.tex,,no,,,第一轮候补
G050,05_geometry-solid,05_geometry-solid/G050_cone_pyramid_volume,锥体体积公式,B,逐步显露体积、半径或数量关系可分步显示，有助于看清先后依赖；连续运动收益有限,体积、半径或数量关系可分步显示；常见误区：漏乘系数。,2,3,3,4,27,待确认（未使用频率统计）,05_geometry-solid/G050_cone_pyramid_volume/meta.json; 05_geometry-solid/G050_cone_pyramid_volume/01_statement.tex; 05_geometry-solid/G050_cone_pyramid_volume/05_traps.tex,,no,,,第一轮候补
G051,05_geometry-solid,05_geometry-solid/G051_frustum_volume,台体体积公式,B,逐步显露体积、半径或数量关系可分步显示，有助于看清先后依赖；连续运动收益有限,体积、半径或数量关系可分步显示；常见误区：公式记忆错误。,2,3,3,4,27,待确认（未使用频率统计）,05_geometry-solid/G051_frustum_volume/meta.json; 05_geometry-solid/G051_frustum_volume/01_statement.tex; 05_geometry-solid/G051_frustum_volume/05_traps.tex,,no,,,第一轮候补
G052,05_geometry-solid,05_geometry-solid/G052_sphere_volume_formula,球体积公式,B,逐步显露体积、半径或数量关系可分步显示，有助于看清先后依赖；连续运动收益有限,体积、半径或数量关系可分步显示；常见误区：系数混淆。,2,3,3,4,27,待确认（未使用频率统计）,05_geometry-solid/G052_sphere_volume_formula/meta.json; 05_geometry-solid/G052_sphere_volume_formula/01_statement.tex; 05_geometry-solid/G052_sphere_volume_formula/05_traps.tex,,no,,,第一轮候补
G053,05_geometry-solid,05_geometry-solid/G053_cavalieri_principle,祖暅原理（幂势既同则积不容异）,A,动态追踪空间投影、旋转、截面或角度构造随位置改变，静态页难同时呈现全过程与边界,空间投影、旋转、截面或角度构造随位置改变；常见误区：忽视高相等。,3,3,3,4,31,待确认（未使用频率统计）,05_geometry-solid/G053_cavalieri_principle/meta.json; 05_geometry-solid/G053_cavalieri_principle/01_statement.tex; 05_geometry-solid/G053_cavalieri_principle/05_traps.tex,,no,,,第一轮候补
G054,05_geometry-solid,05_geometry-solid/G054_edge_plane_intersection_parameter,向量法求截面与棱的交点参数公式,A,动态追踪空间投影、旋转、截面或角度构造随位置改变，静态页难同时呈现全过程与边界,空间投影、旋转、截面或角度构造随位置改变；常见误区：忽视分母为零。,3,3,3,4,31,待确认（未使用频率统计）,05_geometry-solid/G054_edge_plane_intersection_parameter/meta.json; 05_geometry-solid/G054_edge_plane_intersection_parameter/01_statement.tex; 05_geometry-solid/G054_edge_plane_intersection_parameter/05_traps.tex,,no,,,第一轮候补
G055,05_geometry-solid,05_geometry-solid/G055_cube_section_polygon_range_acute_triangle,正方体截面形状规则：截面边数与三角形锐角性质,A,动态追踪空间投影、旋转、截面或角度构造随位置改变，静态页难同时呈现全过程与边界,空间投影、旋转、截面或角度构造随位置改变；常见误区：截面边数范围。 暂缓：例题称截面平面过顶点A，却同时过三条相邻棱的非顶点截点。,5,4,3,1,39,待确认（未使用频率统计）,05_geometry-solid/G055_cube_section_polygon_range_acute_triangle/meta.json; 05_geometry-solid/G055_cube_section_polygon_range_acute_triangle/01_statement.tex; 05_geometry-solid/G055_cube_section_polygon_range_acute_triangle/05_traps.tex; 02_explanation.tex; 03_proof.tex; 04_examples.tex; 06_summary.tex (same directory),,yes,暂缓：例题称截面平面过顶点A，却同时过三条相邻棱的非顶点截点,,数学核验前暂缓
G056,05_geometry-solid,05_geometry-solid/G056_tetrahedron_volume_scalar_triple,四面体体积公式（向量法）,B,逐步显露体积、半径或数量关系可分步显示，有助于看清先后依赖；连续运动收益有限,体积、半径或数量关系可分步显示；常见误区：起点须统一。,2,3,3,4,27,待确认（未使用频率统计）,05_geometry-solid/G056_tetrahedron_volume_scalar_triple/meta.json; 05_geometry-solid/G056_tetrahedron_volume_scalar_triple/01_statement.tex; 05_geometry-solid/G056_tetrahedron_volume_scalar_triple/05_traps.tex,,no,,,第一轮候补
R001,06_probability-stat,06_probability-stat/R001_permutation_recurrence,排列数递推公式,B,逐步显露计数或概率公式的构造可分步显示，有助于看清先后依赖；连续运动收益有限,计数或概率公式的构造可分步显示；常见误区：忽略适用范围。,2,3,3,4,27,待确认（未使用频率统计）,06_probability-stat/R001_permutation_recurrence/meta.json; 06_probability-stat/R001_permutation_recurrence/01_statement.tex; 06_probability-stat/R001_permutation_recurrence/05_traps.tex,,no,,,第一轮候补
R002,06_probability-stat,06_probability-stat/R002_permutation_recurrence,排列数按 n 递推公式,B,逐步显露计数或概率公式的构造可分步显示，有助于看清先后依赖；连续运动收益有限,计数或概率公式的构造可分步显示；常见误区：忽略范围。,2,3,3,4,27,待确认（未使用频率统计）,06_probability-stat/R002_permutation_recurrence/meta.json; 06_probability-stat/R002_permutation_recurrence/01_statement.tex; 06_probability-stat/R002_permutation_recurrence/05_traps.tex,,no,,,第一轮候补
R003,06_probability-stat,06_probability-stat/R003_permutation_recurrence,排列数首位递推公式,B,逐步显露计数或概率公式的构造可分步显示，有助于看清先后依赖；连续运动收益有限,计数或概率公式的构造可分步显示；常见误区：只减 $n$，忘记减 $m$。,2,3,3,4,27,待确认（未使用频率统计）,06_probability-stat/R003_permutation_recurrence/meta.json; 06_probability-stat/R003_permutation_recurrence/01_statement.tex; 06_probability-stat/R003_permutation_recurrence/05_traps.tex,,no,,,第一轮候补
R004,06_probability-stat,06_probability-stat/R004_permutation_recurrence,排列数分类递推公式,B,逐步显露计数或概率公式的构造可分步显示，有助于看清先后依赖；连续运动收益有限,计数或概率公式的构造可分步显示；常见误区：漏乘位置数 $m$。,2,3,3,4,27,待确认（未使用频率统计）,06_probability-stat/R004_permutation_recurrence/meta.json; 06_probability-stat/R004_permutation_recurrence/01_statement.tex; 06_probability-stat/R004_permutation_recurrence/05_traps.tex,,no,,,第一轮候补
R005,06_probability-stat,06_probability-stat/R005_mutually_exclusive_addition,互斥事件的加法公式,B,逐步显露计数或概率公式的构造可分步显示，有助于看清先后依赖；连续运动收益有限,计数或概率公式的构造可分步显示；常见误区：忽略互斥条件。,2,3,3,4,27,待确认（未使用频率统计）,06_probability-stat/R005_mutually_exclusive_addition/meta.json; 06_probability-stat/R005_mutually_exclusive_addition/01_statement.tex; 06_probability-stat/R005_mutually_exclusive_addition/05_traps.tex,,no,,,第一轮候补
R006,06_probability-stat,06_probability-stat/R006_independent_event_multiplication_rule,独立事件的概率乘法公式,B,逐步显露计数或概率公式的构造可分步显示，有助于看清先后依赖；连续运动收益有限,计数或概率公式的构造可分步显示；常见误区：混淆独立与互斥。,2,3,3,4,27,待确认（未使用频率统计）,06_probability-stat/R006_independent_event_multiplication_rule/meta.json; 06_probability-stat/R006_independent_event_multiplication_rule/01_statement.tex; 06_probability-stat/R006_independent_event_multiplication_rule/05_traps.tex,,no,,,第一轮候补
R007,06_probability-stat,06_probability-stat/R007_binomial_probability_formula,二项分布概率公式,A,动态追踪抽样、事件分支或统计分布随试验改变，静态页难同时呈现全过程与边界,抽样、事件分支或统计分布随试验改变；常见误区：忘记组合数。,3,3,3,4,31,待确认（未使用频率统计）,06_probability-stat/R007_binomial_probability_formula/meta.json; 06_probability-stat/R007_binomial_probability_formula/01_statement.tex; 06_probability-stat/R007_binomial_probability_formula/05_traps.tex,,no,,,第一轮候补
R008,06_probability-stat,06_probability-stat/R008_discrete_expectation_definition,离散型随机变量的数学期望,A,动态追踪抽样、事件分支或统计分布随试验改变，静态页难同时呈现全过程与边界,抽样、事件分支或统计分布随试验改变；常见误区：混淆均值。,3,3,3,4,31,待确认（未使用频率统计）,06_probability-stat/R008_discrete_expectation_definition/meta.json; 06_probability-stat/R008_discrete_expectation_definition/01_statement.tex; 06_probability-stat/R008_discrete_expectation_definition/05_traps.tex,,no,,,第一轮候补
R009,06_probability-stat,06_probability-stat/R009_expectation_linearity,期望的线性性质,C,,静态图或PDF更适合核对核心条件与结论；常见误区：常数项误乘；未发现必须连续呈现的独立关系，暂缓GIF。,1,2,2,5,19,待确认（未使用频率统计）,06_probability-stat/R009_expectation_linearity/meta.json; 06_probability-stat/R009_expectation_linearity/01_statement.tex; 06_probability-stat/R009_expectation_linearity/05_traps.tex,,no,,,暂缓：静态优先
R010,06_probability-stat,06_probability-stat/R010_binomial_expectation,二项分布的数学期望公式,A,动态追踪抽样、事件分支或统计分布随试验改变，静态页难同时呈现全过程与边界,抽样、事件分支或统计分布随试验改变；常见误区：公式混淆。,3,3,3,4,31,待确认（未使用频率统计）,06_probability-stat/R010_binomial_expectation/meta.json; 06_probability-stat/R010_binomial_expectation/01_statement.tex; 06_probability-stat/R010_binomial_expectation/05_traps.tex,,no,,,第一轮候补
R011,06_probability-stat,06_probability-stat/R011_geometric_distribution_mean,几何分布的期望公式,A,动态追踪抽样、事件分支或统计分布随试验改变，静态页难同时呈现全过程与边界,抽样、事件分支或统计分布随试验改变；常见误区：定义混淆。,3,3,3,4,31,待确认（未使用频率统计）,06_probability-stat/R011_geometric_distribution_mean/meta.json; 06_probability-stat/R011_geometric_distribution_mean/01_statement.tex; 06_probability-stat/R011_geometric_distribution_mean/05_traps.tex,,no,,,第一轮候补
R012,06_probability-stat,06_probability-stat/R012_discrete_variance_definition,离散型随机变量方差定义公式,A,动态追踪抽样、事件分支或统计分布随试验改变，静态页难同时呈现全过程与边界,抽样、事件分支或统计分布随试验改变；常见误区：漏掉平方。,3,3,3,4,31,待确认（未使用频率统计）,06_probability-stat/R012_discrete_variance_definition/meta.json; 06_probability-stat/R012_discrete_variance_definition/01_statement.tex; 06_probability-stat/R012_discrete_variance_definition/05_traps.tex,,no,,,第一轮候补
R013,06_probability-stat,06_probability-stat/R013_permutation_formula,排列数公式,B,逐步显露计数或概率公式的构造可分步显示，有助于看清先后依赖；连续运动收益有限,计数或概率公式的构造可分步显示；常见误区：排列组合混淆。,2,3,3,4,27,待确认（未使用频率统计）,06_probability-stat/R013_permutation_formula/meta.json; 06_probability-stat/R013_permutation_formula/01_statement.tex; 06_probability-stat/R013_permutation_formula/05_traps.tex,,no,,,第一轮候补
R014,06_probability-stat,06_probability-stat/R014_n_choose_m_formula,组合数公式,B,逐步显露计数或概率公式的构造可分步显示，有助于看清先后依赖；连续运动收益有限,计数或概率公式的构造可分步显示；常见误区：忽略条件。,2,3,3,4,27,待确认（未使用频率统计）,06_probability-stat/R014_n_choose_m_formula/meta.json; 06_probability-stat/R014_n_choose_m_formula/01_statement.tex; 06_probability-stat/R014_n_choose_m_formula/05_traps.tex,,no,,,第一轮候补
R015,06_probability-stat,06_probability-stat/R015_binomial_symmetry,组合数的对称性,B,逐步显露计数或概率公式的构造可分步显示，有助于看清先后依赖；连续运动收益有限,计数或概率公式的构造可分步显示；常见误区：忽略定义域。,2,3,3,4,27,待确认（未使用频率统计）,06_probability-stat/R015_binomial_symmetry/meta.json; 06_probability-stat/R015_binomial_symmetry/01_statement.tex; 06_probability-stat/R015_binomial_symmetry/05_traps.tex,,no,,,第一轮候补
R016,06_probability-stat,06_probability-stat/R016_pascal_identity,组合数递推公式（杨辉三角恒等式）,B,逐步显露计数或概率公式的构造可分步显示，有助于看清先后依赖；连续运动收益有限,计数或概率公式的构造可分步显示；常见误区：忽略边界条件。,2,3,3,4,27,待确认（未使用频率统计）,06_probability-stat/R016_pascal_identity/meta.json; 06_probability-stat/R016_pascal_identity/01_statement.tex; 06_probability-stat/R016_pascal_identity/05_traps.tex,,no,,,第一轮候补
R017,06_probability-stat,06_probability-stat/R017_binding_insertion_partition_exclusion,排列组合四大计数策略：捆绑法、插空法、隔板法、排除法,A,动态追踪抽样、事件分支或统计分布随试验改变，静态页难同时呈现全过程与边界,抽样、事件分支或统计分布随试验改变；常见误区：捆绑内部排列。,3,3,3,4,31,待确认（未使用频率统计）,06_probability-stat/R017_binding_insertion_partition_exclusion/meta.json; 06_probability-stat/R017_binding_insertion_partition_exclusion/01_statement.tex; 06_probability-stat/R017_binding_insertion_partition_exclusion/05_traps.tex,,no,,,第一轮候补
R018,06_probability-stat,06_probability-stat/R018_binomial_general_term,二项式展开通项公式,B,逐步显露计数或概率公式的构造可分步显示，有助于看清先后依赖；连续运动收益有限,计数或概率公式的构造可分步显示；常见误区：项序对应错误。,2,3,3,4,27,待确认（未使用频率统计）,06_probability-stat/R018_binomial_general_term/meta.json; 06_probability-stat/R018_binomial_general_term/01_statement.tex; 06_probability-stat/R018_binomial_general_term/05_traps.tex,,no,,,第一轮候补
R019,06_probability-stat,06_probability-stat/R019_binomial_coefficient_sum,二项式系数和公式：∑,B,逐步显露计数或概率公式的构造可分步显示，有助于看清先后依赖；连续运动收益有限,计数或概率公式的构造可分步显示；常见误区：混淆系数概念。,2,3,3,4,27,待确认（未使用频率统计）,06_probability-stat/R019_binomial_coefficient_sum/meta.json; 06_probability-stat/R019_binomial_coefficient_sum/01_statement.tex; 06_probability-stat/R019_binomial_coefficient_sum/05_traps.tex,,no,,,第一轮候补
R020,06_probability-stat,06_probability-stat/R020_binomial_even_odd_sum_equal,二项式系数奇偶项和定理,B,逐步显露计数或概率公式的构造可分步显示，有助于看清先后依赖；连续运动收益有限,计数或概率公式的构造可分步显示；常见误区：忽略正整数。,2,3,3,4,27,待确认（未使用频率统计）,06_probability-stat/R020_binomial_even_odd_sum_equal/meta.json; 06_probability-stat/R020_binomial_even_odd_sum_equal/01_statement.tex; 06_probability-stat/R020_binomial_even_odd_sum_equal/05_traps.tex,,no,,,第一轮候补
R021,06_probability-stat,06_probability-stat/R021_binomial_coefficient_max_term,二项式系数最大项,B,逐步显露计数或概率公式的构造可分步显示，有助于看清先后依赖；连续运动收益有限,计数或概率公式的构造可分步显示；常见误区：奇偶性区分。,2,3,3,4,27,待确认（未使用频率统计）,06_probability-stat/R021_binomial_coefficient_max_term/meta.json; 06_probability-stat/R021_binomial_coefficient_max_term/01_statement.tex; 06_probability-stat/R021_binomial_coefficient_max_term/05_traps.tex,,no,,,第一轮候补
R022,06_probability-stat,06_probability-stat/R022_binomial_recurrence_symmetry,组合数递推公式与对称性,B,逐步显露计数或概率公式的构造可分步显示，有助于看清先后依赖；连续运动收益有限,计数或概率公式的构造可分步显示；常见误区：忽视边界范围。,2,3,3,4,27,待确认（未使用频率统计）,06_probability-stat/R022_binomial_recurrence_symmetry/meta.json; 06_probability-stat/R022_binomial_recurrence_symmetry/01_statement.tex; 06_probability-stat/R022_binomial_recurrence_symmetry/05_traps.tex,,no,,,第一轮候补
R023,06_probability-stat,06_probability-stat/R023_classical_probability_formula,古典概型概率公式,B,逐步显露计数或概率公式的构造可分步显示，有助于看清先后依赖；连续运动收益有限,计数或概率公式的构造可分步显示；常见误区：忽略等可能。,2,3,3,4,27,待确认（未使用频率统计）,06_probability-stat/R023_classical_probability_formula/meta.json; 06_probability-stat/R023_classical_probability_formula/01_statement.tex; 06_probability-stat/R023_classical_probability_formula/05_traps.tex,,no,,,第一轮候补
R024,06_probability-stat,06_probability-stat/R024_complementary_event_probability,对立事件概率公式（正难则反）,B,逐步显露计数或概率公式的构造可分步显示，有助于看清先后依赖；连续运动收益有限,计数或概率公式的构造可分步显示；常见误区：混淆对立与互斥。,2,3,3,4,27,待确认（未使用频率统计）,06_probability-stat/R024_complementary_event_probability/meta.json; 06_probability-stat/R024_complementary_event_probability/01_statement.tex; 06_probability-stat/R024_complementary_event_probability/05_traps.tex,,no,,,第一轮候补
R025,06_probability-stat,06_probability-stat/R025_conditional_probability_definition,条件概率定义与公式,A,动态追踪抽样、事件分支或统计分布随试验改变，静态页难同时呈现全过程与边界,抽样、事件分支或统计分布随试验改变；常见误区：混淆条件与交。,3,3,3,4,31,待确认（未使用频率统计）,06_probability-stat/R025_conditional_probability_definition/meta.json; 06_probability-stat/R025_conditional_probability_definition/01_statement.tex; 06_probability-stat/R025_conditional_probability_definition/05_traps.tex,,no,,,第一轮候补
R026,06_probability-stat,06_probability-stat/R026_probability_multiplication_rule,概率乘法公式,B,逐步显露计数或概率公式的构造可分步显示，有助于看清先后依赖；连续运动收益有限,计数或概率公式的构造可分步显示；常见误区：忽略前提。,2,3,3,4,27,待确认（未使用频率统计）,06_probability-stat/R026_probability_multiplication_rule/meta.json; 06_probability-stat/R026_probability_multiplication_rule/01_statement.tex; 06_probability-stat/R026_probability_multiplication_rule/05_traps.tex,,no,,,第一轮候补
R027,06_probability-stat,06_probability-stat/R027_total_probability_formula,全概率公式,A,动态追踪抽样、事件分支或统计分布随试验改变，静态页难同时呈现全过程与边界,抽样、事件分支或统计分布随试验改变；常见误区：忽略划分条件。,3,3,3,4,31,待确认（未使用频率统计）,06_probability-stat/R027_total_probability_formula/meta.json; 06_probability-stat/R027_total_probability_formula/01_statement.tex; 06_probability-stat/R027_total_probability_formula/05_traps.tex,,no,,,第一轮候补
R028,06_probability-stat,06_probability-stat/R028_bayes_formula,贝叶斯公式,A,动态追踪抽样、事件分支或统计分布随试验改变，静态页难同时呈现全过程与边界,抽样、事件分支或统计分布随试验改变；常见误区：颠倒条件。,5,5,4,4,47,待确认（未使用频率统计）,06_probability-stat/R028_bayes_formula/meta.json; 06_probability-stat/R028_bayes_formula/01_statement.tex; 06_probability-stat/R028_bayes_formula/05_traps.tex; 02_explanation.tex; 03_proof.tex; 04_examples.tex; 06_summary.tex (same directory),,yes,,3,Top 10 候选
R029,06_probability-stat,06_probability-stat/R029_binomial_expectation_variance,二项分布的期望与方差公式,A,动态追踪抽样、事件分支或统计分布随试验改变，静态页难同时呈现全过程与边界,抽样、事件分支或统计分布随试验改变；常见误区：遗漏因子。,3,3,3,4,31,待确认（未使用频率统计）,06_probability-stat/R029_binomial_expectation_variance/meta.json; 06_probability-stat/R029_binomial_expectation_variance/01_statement.tex; 06_probability-stat/R029_binomial_expectation_variance/05_traps.tex,,no,,,第一轮候补
R030,06_probability-stat,06_probability-stat/R030_hypergeometric_expectation,超几何分布的期望公式,A,动态追踪抽样、事件分支或统计分布随试验改变，静态页难同时呈现全过程与边界,抽样、事件分支或统计分布随试验改变；常见误区：只抄取值范围，不理解极端情形。 已有多幅静态教学图，动效仅针对逐次抽样的新增价值。,4,5,4,5,44,待确认（未使用频率统计）,06_probability-stat/R030_hypergeometric_expectation/meta.json; 06_probability-stat/R030_hypergeometric_expectation/01_statement.tex; 06_probability-stat/R030_hypergeometric_expectation/05_traps.tex; 02_explanation.tex; 03_proof.tex; 04_examples.tex; 06_summary.tex (same directory),,yes,已有多幅静态教学图，动效仅针对逐次抽样的新增价值,6,Top 10 候选
R031,06_probability-stat,06_probability-stat/R031_bernoulli_expectation_variance,两点分布的期望与方差公式,B,逐步显露计数或概率公式的构造可分步显示，有助于看清先后依赖；连续运动收益有限,计数或概率公式的构造可分步显示；常见误区：参数对应混淆。,2,3,3,4,27,待确认（未使用频率统计）,06_probability-stat/R031_bernoulli_expectation_variance/meta.json; 06_probability-stat/R031_bernoulli_expectation_variance/01_statement.tex; 06_probability-stat/R031_bernoulli_expectation_variance/05_traps.tex,,no,,,第一轮候补
R032,06_probability-stat,06_probability-stat/R032_normal_3sigma_rule,正态分布的3σ原则,A,动态追踪抽样、事件分支或统计分布随试验改变，静态页难同时呈现全过程与边界,抽样、事件分支或统计分布随试验改变；常见误区：方差当成标准差。,3,3,3,4,31,待确认（未使用频率统计）,06_probability-stat/R032_normal_3sigma_rule/meta.json; 06_probability-stat/R032_normal_3sigma_rule/01_statement.tex; 06_probability-stat/R032_normal_3sigma_rule/05_traps.tex,,no,,,第一轮候补
R033,06_probability-stat,06_probability-stat/R033_mean_variance_median_mode,描述统计量：平均数、方差、中位数、众数,B,逐步显露计数或概率公式的构造可分步显示，有助于看清先后依赖；连续运动收益有限,计数或概率公式的构造可分步显示；需按适用条件检查。,2,3,3,4,27,待确认（未使用频率统计）,06_probability-stat/R033_mean_variance_median_mode/meta.json; 06_probability-stat/R033_mean_variance_median_mode/01_statement.tex; 06_probability-stat/R033_mean_variance_median_mode/05_traps.tex,,no,,,第一轮候补
R034,06_probability-stat,06_probability-stat/R034_stratified_proportional_allocation,分层抽样比例分配样本量公式,A,动态追踪抽样、事件分支或统计分布随试验改变，静态页难同时呈现全过程与边界,抽样、事件分支或统计分布随试验改变；常见误区：混淆比例关系。,3,3,3,4,31,待确认（未使用频率统计）,06_probability-stat/R034_stratified_proportional_allocation/meta.json; 06_probability-stat/R034_stratified_proportional_allocation/01_statement.tex; 06_probability-stat/R034_stratified_proportional_allocation/05_traps.tex,,no,,,第一轮候补
R035,06_probability-stat,06_probability-stat/R035_histogram_mode_median_estimate,频率分布直方图的众数与中位数估计,A,动态追踪抽样、事件分支或统计分布随试验改变，静态页难同时呈现全过程与边界,抽样、事件分支或统计分布随试验改变；常见误区：众数选高矩形。,3,3,3,4,31,待确认（未使用频率统计）,06_probability-stat/R035_histogram_mode_median_estimate/meta.json; 06_probability-stat/R035_histogram_mode_median_estimate/01_statement.tex; 06_probability-stat/R035_histogram_mode_median_estimate/05_traps.tex,,no,,,第一轮候补
R036,06_probability-stat,06_probability-stat/R036_percentile_ceiling,第p百分位数（向上取整法）,C,,静态图或PDF更适合核对核心条件与结论；常见误区：排序必要性；未发现必须连续呈现的独立关系，暂缓GIF。,1,2,2,5,19,待确认（未使用频率统计）,06_probability-stat/R036_percentile_ceiling/meta.json; 06_probability-stat/R036_percentile_ceiling/01_statement.tex; 06_probability-stat/R036_percentile_ceiling/05_traps.tex,,no,,,暂缓：静态优先
R037,06_probability-stat,06_probability-stat/R037_sd_linear_scaling,标准差线性变换性质,B,逐步显露计数或概率公式的构造可分步显示，有助于看清先后依赖；连续运动收益有限,计数或概率公式的构造可分步显示；常见误区：忽略绝对值符号。,2,3,3,4,27,待确认（未使用频率统计）,06_probability-stat/R037_sd_linear_scaling/meta.json; 06_probability-stat/R037_sd_linear_scaling/01_statement.tex; 06_probability-stat/R037_sd_linear_scaling/05_traps.tex,,no,,,第一轮候补
R038,06_probability-stat,06_probability-stat/R038_least_squares_regression,线性回归的最小二乘估计公式,A,动态追踪抽样、事件分支或统计分布随试验改变，静态页难同时呈现全过程与边界,抽样、事件分支或统计分布随试验改变；需按适用条件检查。,3,3,3,4,31,待确认（未使用频率统计）,06_probability-stat/R038_least_squares_regression/meta.json; 06_probability-stat/R038_least_squares_regression/01_statement.tex; 06_probability-stat/R038_least_squares_regression/05_traps.tex,,no,,,第一轮候补
R039,06_probability-stat,06_probability-stat/R039_regression_line_through_centroid,回归直线过样本中心,C,,静态图或PDF更适合核对核心条件与结论；常见误区：误认过样本点；未发现必须连续呈现的独立关系，暂缓GIF。,1,2,2,5,19,待确认（未使用频率统计）,06_probability-stat/R039_regression_line_through_centroid/meta.json; 06_probability-stat/R039_regression_line_through_centroid/01_statement.tex; 06_probability-stat/R039_regression_line_through_centroid/05_traps.tex,,no,,,暂缓：静态优先
R040,06_probability-stat,06_probability-stat/R040_pearson_r_range,样本相关系数（Pearson r）,A,动态追踪抽样、事件分支或统计分布随试验改变，静态页难同时呈现全过程与边界,抽样、事件分支或统计分布随试验改变；常见误区：忽略线性前提。,3,3,3,4,31,待确认（未使用频率统计）,06_probability-stat/R040_pearson_r_range/meta.json; 06_probability-stat/R040_pearson_r_range/01_statement.tex; 06_probability-stat/R040_pearson_r_range/05_traps.tex,,no,,,第一轮候补
R041,06_probability-stat,06_probability-stat/R041_chi_square_independence_test,独立性检验卡方统计量公式,C,,静态图或PDF更适合核对核心条件与结论；常见误区：忽略使用条件；未发现必须连续呈现的独立关系，暂缓GIF。,1,2,2,5,19,待确认（未使用频率统计）,06_probability-stat/R041_chi_square_independence_test/meta.json; 06_probability-stat/R041_chi_square_independence_test/01_statement.tex; 06_probability-stat/R041_chi_square_independence_test/05_traps.tex,,no,,,暂缓：静态优先
R042,06_probability-stat,06_probability-stat/R042_chi_square_independence_test,卡方独立性检验,A,动态追踪抽样、事件分支或统计分布随试验改变，静态页难同时呈现全过程与边界,抽样、事件分支或统计分布随试验改变；常见误区：期望频数计算。,3,3,3,4,31,待确认（未使用频率统计）,06_probability-stat/R042_chi_square_independence_test/meta.json; 06_probability-stat/R042_chi_square_independence_test/01_statement.tex; 06_probability-stat/R042_chi_square_independence_test/05_traps.tex,,no,,,第一轮候补
I001,07_inequality,07_inequality/I001_Compound_Inequality_Transformation,连不等式N<f(x)<M的四种等价形式,B,逐步显露不等式证明或等号条件可分步显示，有助于看清先后依赖；连续运动收益有限,不等式证明或等号条件可分步显示；常见误区：忽略条件。,2,3,3,4,27,待确认（未使用频率统计）,07_inequality/I001_Compound_Inequality_Transformation/meta.json; 07_inequality/I001_Compound_Inequality_Transformation/01_statement.tex; 07_inequality/I001_Compound_Inequality_Transformation/05_traps.tex,,no,,,第一轮候补
I002,07_inequality,07_inequality/I002_Basic_Inequalities_and_Variations,基本不等式及其变形,A,动态追踪函数边界、等号或根的符号随位置改变，静态页难同时呈现全过程与边界,函数边界、等号或根的符号随位置改变；常见误区：忽视正数条件。,3,3,3,4,31,待确认（未使用频率统计）,07_inequality/I002_Basic_Inequalities_and_Variations/meta.json; 07_inequality/I002_Basic_Inequalities_and_Variations/01_statement.tex; 07_inequality/I002_Basic_Inequalities_and_Variations/05_traps.tex,,no,,,第一轮候补
I003,07_inequality,07_inequality/I003_Fractional_Inequalities_Sugar_Logic,糖水不等式,A,动态追踪函数边界、等号或根的符号随位置改变，静态页难同时呈现全过程与边界,函数边界、等号或根的符号随位置改变；常见误区：忽略正数条件。,3,3,3,4,31,待确认（未使用频率统计）,07_inequality/I003_Fractional_Inequalities_Sugar_Logic/meta.json; 07_inequality/I003_Fractional_Inequalities_Sugar_Logic/01_statement.tex; 07_inequality/I003_Fractional_Inequalities_Sugar_Logic/05_traps.tex,,no,,,第一轮候补
I004,07_inequality,07_inequality/I004_Cubic_Mean_Inequality,三项立方和不等式,B,逐步显露不等式证明或等号条件可分步显示，有助于看清先后依赖；连续运动收益有限,不等式证明或等号条件可分步显示；常见误区：忽略非负条件。,2,3,3,4,27,待确认（未使用频率统计）,07_inequality/I004_Cubic_Mean_Inequality/meta.json; 07_inequality/I004_Cubic_Mean_Inequality/01_statement.tex; 07_inequality/I004_Cubic_Mean_Inequality/05_traps.tex,,no,,,第一轮候补
I005,07_inequality,07_inequality/I005_Cauchy_Schwarz_Inequality,柯西不等式,C,,静态图或PDF更适合核对核心条件与结论；常见误区：忽略取等条件；未发现必须连续呈现的独立关系，暂缓GIF。,1,2,2,5,19,待确认（未使用频率统计）,07_inequality/I005_Cauchy_Schwarz_Inequality/meta.json; 07_inequality/I005_Cauchy_Schwarz_Inequality/01_statement.tex; 07_inequality/I005_Cauchy_Schwarz_Inequality/05_traps.tex,,no,,,暂缓：静态优先
I006,07_inequality,07_inequality/I006_Weighted_Power_Sum_Inequality,权方和不等式,B,逐步显露不等式证明或等号条件可分步显示，有助于看清先后依赖；连续运动收益有限,不等式证明或等号条件可分步显示；常见误区：忽略分母正负。,2,3,3,4,27,待确认（未使用频率统计）,07_inequality/I006_Weighted_Power_Sum_Inequality/meta.json; 07_inequality/I006_Weighted_Power_Sum_Inequality/01_statement.tex; 07_inequality/I006_Weighted_Power_Sum_Inequality/05_traps.tex,,no,,,第一轮候补
I007,07_inequality,07_inequality/I007_Triangle_Inequality,绝对值三角不等式,A,动态追踪函数边界、等号或根的符号随位置改变，静态页难同时呈现全过程与边界,函数边界、等号或根的符号随位置改变；常见误区：忽略等号条件。,3,3,3,4,31,待确认（未使用频率统计）,07_inequality/I007_Triangle_Inequality/meta.json; 07_inequality/I007_Triangle_Inequality/01_statement.tex; 07_inequality/I007_Triangle_Inequality/05_traps.tex,,no,,,第一轮候补
I008,07_inequality,07_inequality/I008_Mean_Inequality_Chain,均值不等式链（HM≤GM≤AM≤QM）,A,动态追踪函数边界、等号或根的符号随位置改变，静态页难同时呈现全过程与边界,函数边界、等号或根的符号随位置改变；常见误区：负数参与。,3,3,3,4,31,待确认（未使用频率统计）,07_inequality/I008_Mean_Inequality_Chain/meta.json; 07_inequality/I008_Mean_Inequality_Chain/01_statement.tex; 07_inequality/I008_Mean_Inequality_Chain/05_traps.tex,,no,,,第一轮候补
I009,07_inequality,07_inequality/I009_Arithmetic_Geometric_Mean_Three,三元均值不等式,B,逐步显露不等式证明或等号条件可分步显示，有助于看清先后依赖；连续运动收益有限,不等式证明或等号条件可分步显示；常见误区：忽视非负条件。,2,3,3,4,27,待确认（未使用频率统计）,07_inequality/I009_Arithmetic_Geometric_Mean_Three/meta.json; 07_inequality/I009_Arithmetic_Geometric_Mean_Three/01_statement.tex; 07_inequality/I009_Arithmetic_Geometric_Mean_Three/05_traps.tex,,no,,,第一轮候补
I010,07_inequality,07_inequality/I010_Three_Square_Sum_Inequality,三元平方和不等式,B,逐步显露不等式证明或等号条件可分步显示，有助于看清先后依赖；连续运动收益有限,不等式证明或等号条件可分步显示；常见误区：忽视取等条件。,2,3,3,4,27,待确认（未使用频率统计）,07_inequality/I010_Three_Square_Sum_Inequality/meta.json; 07_inequality/I010_Three_Square_Sum_Inequality/01_statement.tex; 07_inequality/I010_Three_Square_Sum_Inequality/05_traps.tex,,no,,,第一轮候补
I011,07_inequality,07_inequality/I011_Logarithmic_Linear_Inequality,对数函数切线不等式 lnx ≤ x-1 及其变式,A,动态追踪函数边界、等号或根的符号随位置改变，静态页难同时呈现全过程与边界,函数边界、等号或根的符号随位置改变；常见误区：忽视定义域。,3,3,3,4,31,待确认（未使用频率统计）,07_inequality/I011_Logarithmic_Linear_Inequality/meta.json; 07_inequality/I011_Logarithmic_Linear_Inequality/01_statement.tex; 07_inequality/I011_Logarithmic_Linear_Inequality/05_traps.tex,,no,,,第一轮候补
I012,07_inequality,07_inequality/I012_Exponential_Linear_Inequality,指数函数切线放缩不等式,A,动态追踪函数边界、等号或根的符号随位置改变，静态页难同时呈现全过程与边界,函数边界、等号或根的符号随位置改变；常见误区：忽略取等条件。,3,3,3,4,31,待确认（未使用频率统计）,07_inequality/I012_Exponential_Linear_Inequality/meta.json; 07_inequality/I012_Exponential_Linear_Inequality/01_statement.tex; 07_inequality/I012_Exponential_Linear_Inequality/05_traps.tex,,no,,,第一轮候补
I013,07_inequality,07_inequality/I013_Inverse_Sum_Inequality,对勾不等式（x+1/x≥2）,A,动态追踪函数边界、等号或根的符号随位置改变，静态页难同时呈现全过程与边界,函数边界、等号或根的符号随位置改变；常见误区：符号忽略。,3,3,3,4,31,待确认（未使用频率统计）,07_inequality/I013_Inverse_Sum_Inequality/meta.json; 07_inequality/I013_Inverse_Sum_Inequality/01_statement.tex; 07_inequality/I013_Inverse_Sum_Inequality/05_traps.tex,,no,,,第一轮候补
I014,07_inequality,07_inequality/I014_Jensens_Inequality,琴生不等式（Jensen不等式）,A,动态追踪函数边界、等号或根的符号随位置改变，静态页难同时呈现全过程与边界,函数边界、等号或根的符号随位置改变；常见误区：凸凹判断混淆。,3,3,3,4,31,待确认（未使用频率统计）,07_inequality/I014_Jensens_Inequality/meta.json; 07_inequality/I014_Jensens_Inequality/01_statement.tex; 07_inequality/I014_Jensens_Inequality/05_traps.tex,,no,,,第一轮候补
I015,07_inequality,07_inequality/I015_Exponential_Convexity_Inequality,指数凸性不等式（Jensen不等式应用）,C,,静态图或PDF更适合核对核心条件与结论；常见误区：方向记反；未发现必须连续呈现的独立关系，暂缓GIF。,1,2,2,5,19,待确认（未使用频率统计）,07_inequality/I015_Exponential_Convexity_Inequality/meta.json; 07_inequality/I015_Exponential_Convexity_Inequality/01_statement.tex; 07_inequality/I015_Exponential_Convexity_Inequality/05_traps.tex,,no,,,暂缓：静态优先
I016,07_inequality,07_inequality/I016_General_Exponential_Convexity,指数函数凸性不等式：算术平均≥几何平均,C,,静态图或PDF更适合核对核心条件与结论；常见误区：底数范围混淆；未发现必须连续呈现的独立关系，暂缓GIF。,1,2,2,5,19,待确认（未使用频率统计）,07_inequality/I016_General_Exponential_Convexity/meta.json; 07_inequality/I016_General_Exponential_Convexity/01_statement.tex; 07_inequality/I016_General_Exponential_Convexity/05_traps.tex,,no,,,暂缓：静态优先
I017,07_inequality,07_inequality/I017_Sine_Concavity_Inequality,正弦函数凹性不等式,C,,静态图或PDF更适合核对核心条件与结论；常见误区：区间忽略；未发现必须连续呈现的独立关系，暂缓GIF。,1,2,2,5,19,待确认（未使用频率统计）,07_inequality/I017_Sine_Concavity_Inequality/meta.json; 07_inequality/I017_Sine_Concavity_Inequality/01_statement.tex; 07_inequality/I017_Sine_Concavity_Inequality/05_traps.tex,,no,,,暂缓：静态优先
I018,07_inequality,07_inequality/I018_Cosine_Concavity_Inequality,余弦函数凹性不等式与三角形余弦和上界,C,,静态图或PDF更适合核对核心条件与结论；常见误区：区间忽略；未发现必须连续呈现的独立关系，暂缓GIF。,1,2,2,5,19,待确认（未使用频率统计）,07_inequality/I018_Cosine_Concavity_Inequality/meta.json; 07_inequality/I018_Cosine_Concavity_Inequality/01_statement.tex; 07_inequality/I018_Cosine_Concavity_Inequality/05_traps.tex,,no,,,暂缓：静态优先
I019,07_inequality,07_inequality/I019_Tangent_Convexity_Inequality,正切凸性不等式与锐角三角形正切和,C,,静态图或PDF更适合核对核心条件与结论；常见误区：忽略角范围；未发现必须连续呈现的独立关系，暂缓GIF。,1,2,2,5,19,待确认（未使用频率统计）,07_inequality/I019_Tangent_Convexity_Inequality/meta.json; 07_inequality/I019_Tangent_Convexity_Inequality/01_statement.tex; 07_inequality/I019_Tangent_Convexity_Inequality/05_traps.tex,,no,,,暂缓：静态优先
I020,07_inequality,07_inequality/I020_Logarithmic_Concavity_Inequality,对数平均不等式,C,,静态图或PDF更适合核对核心条件与结论；常见误区：方向混淆；未发现必须连续呈现的独立关系，暂缓GIF。,1,2,2,5,19,待确认（未使用频率统计）,07_inequality/I020_Logarithmic_Concavity_Inequality/meta.json; 07_inequality/I020_Logarithmic_Concavity_Inequality/01_statement.tex; 07_inequality/I020_Logarithmic_Concavity_Inequality/05_traps.tex,,no,,,暂缓：静态优先
I021,07_inequality,07_inequality/I021_Power_Convexity_Inequality,幂函数凸性不等式,C,,静态图或PDF更适合核对核心条件与结论；常见误区：方向记反；未发现必须连续呈现的独立关系，暂缓GIF。,1,2,2,5,19,待确认（未使用频率统计）,07_inequality/I021_Power_Convexity_Inequality/meta.json; 07_inequality/I021_Power_Convexity_Inequality/01_statement.tex; 07_inequality/I021_Power_Convexity_Inequality/05_traps.tex,,no,,,暂缓：静态优先
I022,07_inequality,07_inequality/I022_Fractional_Addition_Inequality,二元分式和不等式（倒数和≥4/(和)）,B,逐步显露不等式证明或等号条件可分步显示，有助于看清先后依赖；连续运动收益有限,不等式证明或等号条件可分步显示；常见误区：忽视正数条件。,2,3,3,4,27,待确认（未使用频率统计）,07_inequality/I022_Fractional_Addition_Inequality/meta.json; 07_inequality/I022_Fractional_Addition_Inequality/01_statement.tex; 07_inequality/I022_Fractional_Addition_Inequality/05_traps.tex,,no,,,第一轮候补
I023,07_inequality,07_inequality/I023_Entropy_Log_Convexity,xlnx的凸性与Jensen不等式,A,动态追踪函数边界、等号或根的符号随位置改变，静态页难同时呈现全过程与边界,函数边界、等号或根的符号随位置改变；常见误区：定义域忽视。,3,3,3,4,31,待确认（未使用频率统计）,07_inequality/I023_Entropy_Log_Convexity/meta.json; 07_inequality/I023_Entropy_Log_Convexity/01_statement.tex; 07_inequality/I023_Entropy_Log_Convexity/05_traps.tex,,no,,,第一轮候补
I024,07_inequality,07_inequality/I024_inequality,三元对称不等式链,B,逐步显露不等式证明或等号条件可分步显示，有助于看清先后依赖；连续运动收益有限,不等式证明或等号条件可分步显示；常见误区：忽略取等条件。,2,3,3,4,27,待确认（未使用频率统计）,07_inequality/I024_inequality/meta.json; 07_inequality/I024_inequality/01_statement.tex; 07_inequality/I024_inequality/05_traps.tex,,no,,,第一轮候补
I025,07_inequality,07_inequality/I025_inequality,Nesbitt不等式,B,逐步显露不等式证明或等号条件可分步显示，有助于看清先后依赖；连续运动收益有限,不等式证明或等号条件可分步显示；常见误区：忽略正实性。,2,3,3,4,27,待确认（未使用频率统计）,07_inequality/I025_inequality/meta.json; 07_inequality/I025_inequality/01_statement.tex; 07_inequality/I025_inequality/05_traps.tex,,no,,,第一轮候补
I026,07_inequality,07_inequality/I026_Three_Variable_Square_Chain,舒尔不等式,B,逐步显露不等式证明或等号条件可分步显示，有助于看清先后依赖；连续运动收益有限,不等式证明或等号条件可分步显示；常见误区：等号条件遗漏。,2,3,3,4,27,待确认（未使用频率统计）,07_inequality/I026_Three_Variable_Square_Chain/meta.json; 07_inequality/I026_Three_Variable_Square_Chain/01_statement.tex; 07_inequality/I026_Three_Variable_Square_Chain/05_traps.tex,,no,,,第一轮候补
I027,07_inequality,07_inequality/I027_Nesbitt_Inequality,互为倒数和不等式,B,逐步显露不等式证明或等号条件可分步显示，有助于看清先后依赖；连续运动收益有限,不等式证明或等号条件可分步显示；常见误区：忽略符号判断。,2,3,3,4,27,待确认（未使用频率统计）,07_inequality/I027_Nesbitt_Inequality/meta.json; 07_inequality/I027_Nesbitt_Inequality/01_statement.tex; 07_inequality/I027_Nesbitt_Inequality/05_traps.tex,,no,,,第一轮候补
I028,07_inequality,07_inequality/I028_Schur_Inequality,伯努利不等式,C,,静态图或PDF更适合核对核心条件与结论；常见误区：忽略前提条件；未发现必须连续呈现的独立关系，暂缓GIF。,1,2,2,5,19,待确认（未使用频率统计）,07_inequality/I028_Schur_Inequality/meta.json; 07_inequality/I028_Schur_Inequality/01_statement.tex; 07_inequality/I028_Schur_Inequality/05_traps.tex,,no,,,暂缓：静态优先
I029,07_inequality,07_inequality/I029_Reciprocal_Sum_Inequality,正弦绝对值不等式 |sin x| ≤ |x|,A,动态追踪函数边界、等号或根的符号随位置改变，静态页难同时呈现全过程与边界,函数边界、等号或根的符号随位置改变；常见误区：忽略绝对值。,3,3,3,4,31,待确认（未使用频率统计）,07_inequality/I029_Reciprocal_Sum_Inequality/meta.json; 07_inequality/I029_Reciprocal_Sum_Inequality/01_statement.tex; 07_inequality/I029_Reciprocal_Sum_Inequality/05_traps.tex,,no,,,第一轮候补
I030,07_inequality,07_inequality/I030_Bernoulli_Inequality,三角函数不等式：sin x < x < tan x,A,动态追踪函数边界、等号或根的符号随位置改变，静态页难同时呈现全过程与边界,函数边界、等号或根的符号随位置改变；常见误区：忽略区间条件。,3,3,3,4,31,待确认（未使用频率统计）,07_inequality/I030_Bernoulli_Inequality/meta.json; 07_inequality/I030_Bernoulli_Inequality/01_statement.tex; 07_inequality/I030_Bernoulli_Inequality/05_traps.tex,,no,,,第一轮候补
I031,07_inequality,07_inequality/I031_Sin_X_Inequality,余弦函数的下界不等式：cosx ≥ 1 - x²/2,A,动态追踪函数边界、等号或根的符号随位置改变，静态页难同时呈现全过程与边界,函数边界、等号或根的符号随位置改变；常见误区：方向混淆。,3,3,3,4,31,待确认（未使用频率统计）,07_inequality/I031_Sin_X_Inequality/meta.json; 07_inequality/I031_Sin_X_Inequality/01_statement.tex; 07_inequality/I031_Sin_X_Inequality/05_traps.tex,,no,,,第一轮候补
I032,07_inequality,07_inequality/I032_Tan_X_Inequality,三角联合放缩不等式：sinx+tanx>2x,B,逐步显露不等式证明或等号条件可分步显示，有助于看清先后依赖；连续运动收益有限,不等式证明或等号条件可分步显示；常见误区：忽视定义域。,2,3,3,4,27,待确认（未使用频率统计）,07_inequality/I032_Tan_X_Inequality/meta.json; 07_inequality/I032_Tan_X_Inequality/01_statement.tex; 07_inequality/I032_Tan_X_Inequality/05_traps.tex,,no,,,第一轮候补
I033,07_inequality,07_inequality/I033_Cos_X_Quadratic_Bound,对数平均值不等式,C,,静态图或PDF更适合核对核心条件与结论；常见误区：忽视正数条件；未发现必须连续呈现的独立关系，暂缓GIF。,1,2,2,5,19,待确认（未使用频率统计）,07_inequality/I033_Cos_X_Quadratic_Bound/meta.json; 07_inequality/I033_Cos_X_Quadratic_Bound/01_statement.tex; 07_inequality/I033_Cos_X_Quadratic_Bound/05_traps.tex,,no,,,暂缓：静态优先
I034,07_inequality,07_inequality/I034_Sin_Tan_Combined_Inequality,指数函数泰勒展开下界不等式,C,,静态图或PDF更适合核对核心条件与结论；常见误区：忽略定义域；未发现必须连续呈现的独立关系，暂缓GIF。,1,2,2,5,19,待确认（未使用频率统计）,07_inequality/I034_Sin_Tan_Combined_Inequality/meta.json; 07_inequality/I034_Sin_Tan_Combined_Inequality/01_statement.tex; 07_inequality/I034_Sin_Tan_Combined_Inequality/05_traps.tex,,no,,,暂缓：静态优先
I035,07_inequality,07_inequality/I035_Logarithmic_Mean_Inequality,ln(1+x)在x≥0时的二阶不等式估计,C,,静态图或PDF更适合核对核心条件与结论；常见误区：忽略取等；未发现必须连续呈现的独立关系，暂缓GIF。,1,2,2,5,19,待确认（未使用频率统计）,07_inequality/I035_Logarithmic_Mean_Inequality/meta.json; 07_inequality/I035_Logarithmic_Mean_Inequality/01_statement.tex; 07_inequality/I035_Logarithmic_Mean_Inequality/05_traps.tex,,no,,,暂缓：静态优先
I036,07_inequality,07_inequality/I036_Exp_Quadratic_Bound,ln(1+x)的经典不等式链,C,,静态图或PDF更适合核对核心条件与结论；常见误区：定义域忽略；未发现必须连续呈现的独立关系，暂缓GIF。,1,2,2,5,19,待确认（未使用频率统计）,07_inequality/I036_Exp_Quadratic_Bound/meta.json; 07_inequality/I036_Exp_Quadratic_Bound/01_statement.tex; 07_inequality/I036_Exp_Quadratic_Bound/05_traps.tex,,no,,,暂缓：静态优先
I037,07_inequality,07_inequality/I037_Ln_Quadratic_Bound,"sinx在[0,π/2]上的线性下界：sinx≥(2/π)x",A,动态追踪函数边界、等号或根的符号随位置改变，静态页难同时呈现全过程与边界,函数边界、等号或根的符号随位置改变；常见误区：忽略区间。,3,3,3,4,31,待确认（未使用频率统计）,07_inequality/I037_Ln_Quadratic_Bound/meta.json; 07_inequality/I037_Ln_Quadratic_Bound/01_statement.tex; 07_inequality/I037_Ln_Quadratic_Bound/05_traps.tex,,no,,,第一轮候补
I038,07_inequality,07_inequality/I038_Ln_Rational_Lower_Bound,对称分式不等式,B,逐步显露不等式证明或等号条件可分步显示，有助于看清先后依赖；连续运动收益有限,不等式证明或等号条件可分步显示；常见误区：忽视正数条件。,2,3,3,4,27,待确认（未使用频率统计）,07_inequality/I038_Ln_Rational_Lower_Bound/meta.json; 07_inequality/I038_Ln_Rational_Lower_Bound/01_statement.tex; 07_inequality/I038_Ln_Rational_Lower_Bound/05_traps.tex,,no,,,第一轮候补
I039,07_inequality,07_inequality/I039_Jordan_Inequality_Basic,倒数和不等式,B,逐步显露不等式证明或等号条件可分步显示，有助于看清先后依赖；连续运动收益有限,不等式证明或等号条件可分步显示；常见误区：忽略正实数。,2,3,3,4,27,待确认（未使用频率统计）,07_inequality/I039_Jordan_Inequality_Basic/meta.json; 07_inequality/I039_Jordan_Inequality_Basic/01_statement.tex; 07_inequality/I039_Jordan_Inequality_Basic/05_traps.tex,,no,,,第一轮候补
I040,07_inequality,07_inequality/I040_Rational_Symmetric_Inequality,三元权方和不等式,B,逐步显露不等式证明或等号条件可分步显示，有助于看清先后依赖；连续运动收益有限,不等式证明或等号条件可分步显示；常见误区：忽略正实条件。,2,3,3,4,27,待确认（未使用频率统计）,07_inequality/I040_Rational_Symmetric_Inequality/meta.json; 07_inequality/I040_Rational_Symmetric_Inequality/01_statement.tex; 07_inequality/I040_Rational_Symmetric_Inequality/05_traps.tex,,no,,,第一轮候补
I041,07_inequality,07_inequality/I041_Triple_Sum_Inverse_Product,循环分式不等式,B,逐步显露不等式证明或等号条件可分步显示，有助于看清先后依赖；连续运动收益有限,不等式证明或等号条件可分步显示；常见误区：忽略正数条件。,2,3,3,4,27,待确认（未使用频率统计）,07_inequality/I041_Triple_Sum_Inverse_Product/meta.json; 07_inequality/I041_Triple_Sum_Inverse_Product/01_statement.tex; 07_inequality/I041_Triple_Sum_Inverse_Product/05_traps.tex,,no,,,第一轮候补
I042,07_inequality,07_inequality/I042_Andreescu_Symmetric_Rational,三元循环平方分式不等式,B,逐步显露不等式证明或等号条件可分步显示，有助于看清先后依赖；连续运动收益有限,不等式证明或等号条件可分步显示；常见误区：忽略正实数条件。,2,3,3,4,27,待确认（未使用频率统计）,07_inequality/I042_Andreescu_Symmetric_Rational/meta.json; 07_inequality/I042_Andreescu_Symmetric_Rational/01_statement.tex; 07_inequality/I042_Andreescu_Symmetric_Rational/05_traps.tex,,no,,,第一轮候补
I043,07_inequality,07_inequality/I043_quadratic_inequality_solution,一元二次不等式的解集（大于取两边，小于取中间）,A,动态追踪函数边界、等号或根的符号随位置改变，静态页难同时呈现全过程与边界,函数边界、等号或根的符号随位置改变；常见误区：忽略系数正负。,3,3,3,4,31,待确认（未使用频率统计）,07_inequality/I043_quadratic_inequality_solution/meta.json; 07_inequality/I043_quadratic_inequality_solution/01_statement.tex; 07_inequality/I043_quadratic_inequality_solution/05_traps.tex,,no,,,第一轮候补
I044,07_inequality,07_inequality/I044_fractional_inequality_equivalence,分式不等式的等价转化,B,逐步显露不等式证明或等号条件可分步显示，有助于看清先后依赖；连续运动收益有限,不等式证明或等号条件可分步显示；常见误区：忽略分母为零。,2,3,3,4,27,待确认（未使用频率统计）,07_inequality/I044_fractional_inequality_equivalence/meta.json; 07_inequality/I044_fractional_inequality_equivalence/01_statement.tex; 07_inequality/I044_fractional_inequality_equivalence/05_traps.tex,,no,,,第一轮候补
I045,07_inequality,07_inequality/I045_polynomial_inequality_root_crossing,穿根法（奇穿偶不穿）解高次不等式,A,动态追踪函数边界、等号或根的符号随位置改变，静态页难同时呈现全过程与边界,函数边界、等号或根的符号随位置改变；常见误区：忽视$a$符号。,4,4,3,4,38,待确认（未使用频率统计）,07_inequality/I045_polynomial_inequality_root_crossing/meta.json; 07_inequality/I045_polynomial_inequality_root_crossing/01_statement.tex; 07_inequality/I045_polynomial_inequality_root_crossing/05_traps.tex; 02_explanation.tex; 03_proof.tex; 04_examples.tex; 06_summary.tex (same directory),,yes,,,深审后候补
I046,07_inequality,07_inequality/I046_absolute_value_inequality_equivalence,含绝对值不等式等价转化,B,逐步显露不等式证明或等号条件可分步显示，有助于看清先后依赖；连续运动收益有限,不等式证明或等号条件可分步显示；常见误区：忽视前提条件。,2,3,3,4,27,待确认（未使用频率统计）,07_inequality/I046_absolute_value_inequality_equivalence/meta.json; 07_inequality/I046_absolute_value_inequality_equivalence/01_statement.tex; 07_inequality/I046_absolute_value_inequality_equivalence/05_traps.tex,,no,,,第一轮候补
I047,07_inequality,07_inequality/I047_abs_sum_min_diff_max,绝对值距离最值（和最小差最大）,A,动态追踪函数边界、等号或根的符号随位置改变，静态页难同时呈现全过程与边界,函数边界、等号或根的符号随位置改变；常见误区：忽略几何意义。,3,3,3,4,31,待确认（未使用频率统计）,07_inequality/I047_abs_sum_min_diff_max/meta.json; 07_inequality/I047_abs_sum_min_diff_max/01_statement.tex; 07_inequality/I047_abs_sum_min_diff_max/05_traps.tex,,no,,,第一轮候补
I048,07_inequality,07_inequality/I048_linear_inequality_solution_cases,一次含参不等式解集分类讨论,B,逐步显露不等式证明或等号条件可分步显示，有助于看清先后依赖；连续运动收益有限,不等式证明或等号条件可分步显示；常见误区：忽略零系。,2,3,3,4,27,待确认（未使用频率统计）,07_inequality/I048_linear_inequality_solution_cases/meta.json; 07_inequality/I048_linear_inequality_solution_cases/01_statement.tex; 07_inequality/I048_linear_inequality_solution_cases/05_traps.tex,,no,,,第一轮候补
I049,07_inequality,07_inequality/I049_am_gm_positive_constant_equality,基本不等式一正二定三相等原则,C,,静态图或PDF更适合核对核心条件与结论；常见误区：忽略正数条件；未发现必须连续呈现的独立关系，暂缓GIF。,1,2,2,5,19,待确认（未使用频率统计）,07_inequality/I049_am_gm_positive_constant_equality/meta.json; 07_inequality/I049_am_gm_positive_constant_equality/01_statement.tex; 07_inequality/I049_am_gm_positive_constant_equality/05_traps.tex,,no,,,暂缓：静态优先
I050,07_inequality,07_inequality/I050_reciprocal_sum_minimum,1的代换：正数和为1时倒数和的最小值,B,逐步显露不等式证明或等号条件可分步显示，有助于看清先后依赖；连续运动收益有限,不等式证明或等号条件可分步显示；常见误区：忽略正数。,2,3,3,4,27,待确认（未使用频率统计）,07_inequality/I050_reciprocal_sum_minimum/meta.json; 07_inequality/I050_reciprocal_sum_minimum/01_statement.tex; 07_inequality/I050_reciprocal_sum_minimum/05_traps.tex,,no,,,第一轮候补
I051,07_inequality,07_inequality/I051_am_gm_splitting_minimum,凑项凑系数求最值,C,,静态图或PDF更适合核对核心条件与结论；常见误区：忽略正数条件；未发现必须连续呈现的独立关系，暂缓GIF。,1,2,2,5,19,待确认（未使用频率统计）,07_inequality/I051_am_gm_splitting_minimum/meta.json; 07_inequality/I051_am_gm_splitting_minimum/01_statement.tex; 07_inequality/I051_am_gm_splitting_minimum/05_traps.tex,,no,,,暂缓：静态优先
I052,07_inequality,07_inequality/I052_param_separation_extremum,参数分离法解恒成立问题（最值转化）,C,,静态图或PDF更适合核对核心条件与结论；常见误区：方向混淆；未发现必须连续呈现的独立关系，暂缓GIF。,1,2,2,5,19,待确认（未使用频率统计）,07_inequality/I052_param_separation_extremum/meta.json; 07_inequality/I052_param_separation_extremum/01_statement.tex; 07_inequality/I052_param_separation_extremum/05_traps.tex,,no,,,暂缓：静态优先
I053,07_inequality,07_inequality/I053_cauchy_equality_condition,柯西不等式取等条件,B,逐步显露不等式证明或等号条件可分步显示，有助于看清先后依赖；连续运动收益有限,不等式证明或等号条件可分步显示；常见误区：忽略零系数。,2,3,3,4,27,待确认（未使用频率统计）,07_inequality/I053_cauchy_equality_condition/meta.json; 07_inequality/I053_cauchy_equality_condition/01_statement.tex; 07_inequality/I053_cauchy_equality_condition/05_traps.tex,,no,,,第一轮候补
I054,07_inequality,07_inequality/I054_am_gm_inequality,均值不等式（AM-GM不等式）,C,,静态图或PDF更适合核对核心条件与结论；常见误区：忽略非负条件；未发现必须连续呈现的独立关系，暂缓GIF。,1,2,2,5,19,待确认（未使用频率统计）,07_inequality/I054_am_gm_inequality/meta.json; 07_inequality/I054_am_gm_inequality/01_statement.tex; 07_inequality/I054_am_gm_inequality/05_traps.tex,,no,,,暂缓：静态优先
I055,07_inequality,07_inequality/I055_rearrangement_inequality,排序不等式,B,逐步显露不等式证明或等号条件可分步显示，有助于看清先后依赖；连续运动收益有限,不等式证明或等号条件可分步显示；常见误区：忽略递增前提。,2,3,3,4,27,待确认（未使用频率统计）,07_inequality/I055_rearrangement_inequality/meta.json; 07_inequality/I055_rearrangement_inequality/01_statement.tex; 07_inequality/I055_rearrangement_inequality/05_traps.tex,,no,,,第一轮候补
I056,07_inequality,07_inequality/I056_fraction_substitution_identity,分式换元恒等式：x+1/x 与 +1/ 转化,B,逐步显露不等式证明或等号条件可分步显示，有助于看清先后依赖；连续运动收益有限,不等式证明或等号条件可分步显示；常见误区：忽略定义域。,2,3,3,4,27,待确认（未使用频率统计）,07_inequality/I056_fraction_substitution_identity/meta.json; 07_inequality/I056_fraction_substitution_identity/01_statement.tex; 07_inequality/I056_fraction_substitution_identity/05_traps.tex,,no,,,第一轮候补
I057,07_inequality,07_inequality/I057_jensen_equality_condition,琴生不等式取等条件,C,,静态图或PDF更适合核对核心条件与结论；常见误区：凸凹混淆；未发现必须连续呈现的独立关系，暂缓GIF。,1,2,2,5,19,待确认（未使用频率统计）,07_inequality/I057_jensen_equality_condition/meta.json; 07_inequality/I057_jensen_equality_condition/01_statement.tex; 07_inequality/I057_jensen_equality_condition/05_traps.tex,,no,,,暂缓：静态优先
I058,07_inequality,07_inequality/I058_cauchy_schwarz_2d,柯西不等式（二维形式）,B,逐步显露不等式证明或等号条件可分步显示，有助于看清先后依赖；连续运动收益有限,不等式证明或等号条件可分步显示；常见误区：等号条件未验。,2,3,3,4,27,待确认（未使用频率统计）,07_inequality/I058_cauchy_schwarz_2d/meta.json; 07_inequality/I058_cauchy_schwarz_2d/01_statement.tex; 07_inequality/I058_cauchy_schwarz_2d/05_traps.tex,,no,,,第一轮候补
I059,07_inequality,07_inequality/I059_sum_reciprocal_minimum,正数和与倒数和的不等式,B,逐步显露不等式证明或等号条件可分步显示，有助于看清先后依赖；连续运动收益有限,不等式证明或等号条件可分步显示；常见误区：忽视正数条件。,2,3,3,4,27,待确认（未使用频率统计）,07_inequality/I059_sum_reciprocal_minimum/meta.json; 07_inequality/I059_sum_reciprocal_minimum/01_statement.tex; 07_inequality/I059_sum_reciprocal_minimum/05_traps.tex,,no,,,第一轮候补
I060,07_inequality,07_inequality/I060_inequality_proof_methods,不等式证明的四种方法：比较法、综合法、分析法、反证法,B,逐步显露不等式证明或等号条件可分步显示，有助于看清先后依赖；连续运动收益有限,不等式证明或等号条件可分步显示；常见误区：比较法判号错误。,2,3,3,4,27,待确认（未使用频率统计）,07_inequality/I060_inequality_proof_methods/meta.json; 07_inequality/I060_inequality_proof_methods/01_statement.tex; 07_inequality/I060_inequality_proof_methods/05_traps.tex,,no,,,第一轮候补
I061,07_inequality,07_inequality/I061_sqrt_sum_maximum,含根式和的最值不等式,B,逐步显露不等式证明或等号条件可分步显示，有助于看清先后依赖；连续运动收益有限,不等式证明或等号条件可分步显示；常见误区：忽略非负。,2,3,3,4,27,待确认（未使用频率统计）,07_inequality/I061_sqrt_sum_maximum/meta.json; 07_inequality/I061_sqrt_sum_maximum/01_statement.tex; 07_inequality/I061_sqrt_sum_maximum/05_traps.tex,,no,,,第一轮候补
I062,07_inequality,07_inequality/I062_linear_programming_vertex_optimum,线性规划顶点法求最值,A,动态追踪函数边界、等号或根的符号随位置改变，静态页难同时呈现全过程与边界,函数边界、等号或根的符号随位置改变；常见误区：忽略有界条件。,3,3,3,4,31,待确认（未使用频率统计）,07_inequality/I062_linear_programming_vertex_optimum/meta.json; 07_inequality/I062_linear_programming_vertex_optimum/01_statement.tex; 07_inequality/I062_linear_programming_vertex_optimum/05_traps.tex,,no,,,第一轮候补
I063,07_inequality,07_inequality/I063_log_sugar_water_inequality,对数糖水不等式,B,逐步显露不等式证明或等号条件可分步显示，有助于看清先后依赖；连续运动收益有限,不等式证明或等号条件可分步显示；常见误区：忽视定义域。,2,3,3,4,27,待确认（未使用频率统计）,07_inequality/I063_log_sugar_water_inequality/meta.json; 07_inequality/I063_log_sugar_water_inequality/01_statement.tex; 07_inequality/I063_log_sugar_water_inequality/05_traps.tex,,no,,,第一轮候补
I064,07_inequality,07_inequality/I064_reverse_cauchy_2d,反向柯西不等式（二维）,B,逐步显露不等式证明或等号条件可分步显示，有助于看清先后依赖；连续运动收益有限,不等式证明或等号条件可分步显示；常见误区：符号混淆。,2,3,3,4,27,待确认（未使用频率统计）,07_inequality/I064_reverse_cauchy_2d/meta.json; 07_inequality/I064_reverse_cauchy_2d/01_statement.tex; 07_inequality/I064_reverse_cauchy_2d/05_traps.tex,,no,,,第一轮候补
T001,08_trigonometry,08_trigonometry/T001_triangle_sine_square_identity,三角形正弦平方和恒等式,B,逐步显露恒等变换可分步显示，有助于看清先后依赖；连续运动收益有限,恒等变换可分步显示；常见误区：忽略内角和。,2,3,3,4,27,待确认（未使用频率统计）,08_trigonometry/T001_triangle_sine_square_identity/meta.json; 08_trigonometry/T001_triangle_sine_square_identity/01_statement.tex; 08_trigonometry/T001_triangle_sine_square_identity/05_traps.tex,,no,,,第一轮候补
T002,08_trigonometry,08_trigonometry/T002_cosine_square_sum_identity,三角形内角余弦平方和恒等式,B,逐步显露恒等变换可分步显示，有助于看清先后依赖；连续运动收益有限,恒等变换可分步显示；常见误区：忽略条件。,2,3,3,4,27,待确认（未使用频率统计）,08_trigonometry/T002_cosine_square_sum_identity/meta.json; 08_trigonometry/T002_cosine_square_sum_identity/01_statement.tex; 08_trigonometry/T002_cosine_square_sum_identity/05_traps.tex,,no,,,第一轮候补
T003,08_trigonometry,08_trigonometry/T003_triangle_tangent_sum_product,三角形正切恒等式：tanA+tanB+tanC=tanA·tanB·tanC,B,逐步显露恒等变换可分步显示，有助于看清先后依赖；连续运动收益有限,恒等变换可分步显示；常见误区：忽略直角排除。,2,3,3,4,27,待确认（未使用频率统计）,08_trigonometry/T003_triangle_tangent_sum_product/meta.json; 08_trigonometry/T003_triangle_tangent_sum_product/01_statement.tex; 08_trigonometry/T003_triangle_tangent_sum_product/05_traps.tex,,no,,,第一轮候补
T004,08_trigonometry,08_trigonometry/T004_sine_squared_difference,正弦平方差公式,B,逐步显露恒等变换可分步显示，有助于看清先后依赖；连续运动收益有限,恒等变换可分步显示；常见误区：符号混淆。,2,3,3,4,27,待确认（未使用频率统计）,08_trigonometry/T004_sine_squared_difference/meta.json; 08_trigonometry/T004_sine_squared_difference/01_statement.tex; 08_trigonometry/T004_sine_squared_difference/05_traps.tex,,no,,,第一轮候补
T005,08_trigonometry,08_trigonometry/T005_reduction_formulas,诱导公式（奇变偶不变）,A,动态追踪角、曲线相位或三角形边角随参数改变，静态页难同时呈现全过程与边界,角、曲线相位或三角形边角随参数改变；常见误区：把口诀条件当成公式条件。,3,3,3,4,31,待确认（未使用频率统计）,08_trigonometry/T005_reduction_formulas/meta.json; 08_trigonometry/T005_reduction_formulas/01_statement.tex; 08_trigonometry/T005_reduction_formulas/05_traps.tex,,no,,,第一轮候补
T006,08_trigonometry,08_trigonometry/T006_double_angle_formula,二倍角公式,C,,静态图或PDF更适合核对核心条件与结论；常见误区：正切定义域忽视；未发现必须连续呈现的独立关系，暂缓GIF。,1,2,2,5,19,待确认（未使用频率统计）,08_trigonometry/T006_double_angle_formula/meta.json; 08_trigonometry/T006_double_angle_formula/01_statement.tex; 08_trigonometry/T006_double_angle_formula/05_traps.tex,,no,,,暂缓：静态优先
T007,08_trigonometry,08_trigonometry/T007_law_of_cosines,余弦定理,A,动态追踪角、曲线相位或三角形边角随参数改变，静态页难同时呈现全过程与边界,角、曲线相位或三角形边角随参数改变；常见误区：边角对应错误。,3,3,3,4,31,待确认（未使用频率统计）,08_trigonometry/T007_law_of_cosines/meta.json; 08_trigonometry/T007_law_of_cosines/01_statement.tex; 08_trigonometry/T007_law_of_cosines/05_traps.tex,,no,,,第一轮候补
T008,08_trigonometry,08_trigonometry/T008_sine_law,正弦定理,A,动态追踪角、曲线相位或三角形边角随参数改变，静态页难同时呈现全过程与边界,角、曲线相位或三角形边角随参数改变；常见误区：忘记系数2。,3,3,3,4,31,待确认（未使用频率统计）,08_trigonometry/T008_sine_law/meta.json; 08_trigonometry/T008_sine_law/01_statement.tex; 08_trigonometry/T008_sine_law/05_traps.tex,,no,,,第一轮候补
T009,08_trigonometry,08_trigonometry/T009_trig_pythagorean_quotient,同角三角函数基本关系（平方关系和商数关系）,C,,静态图或PDF更适合核对核心条件与结论；常见误区：忽略符号；未发现必须连续呈现的独立关系，暂缓GIF。,1,2,2,5,19,待确认（未使用频率统计）,08_trigonometry/T009_trig_pythagorean_quotient/meta.json; 08_trigonometry/T009_trig_pythagorean_quotient/01_statement.tex; 08_trigonometry/T009_trig_pythagorean_quotient/05_traps.tex,,no,,,暂缓：静态优先
T010,08_trigonometry,08_trigonometry/T010_angle_sum_diff,两角和与差的正弦、余弦、正切公式,C,,静态图或PDF更适合核对核心条件与结论；常见误区：符号混淆；未发现必须连续呈现的独立关系，暂缓GIF。,1,2,2,5,19,待确认（未使用频率统计）,08_trigonometry/T010_angle_sum_diff/meta.json; 08_trigonometry/T010_angle_sum_diff/01_statement.tex; 08_trigonometry/T010_angle_sum_diff/05_traps.tex,,no,,,暂缓：静态优先
T011,08_trigonometry,08_trigonometry/T011_triple_angle_formula,三倍角公式,B,逐步显露恒等变换可分步显示，有助于看清先后依赖；连续运动收益有限,恒等变换可分步显示；常见误区：符号系数混淆。,2,3,3,4,27,待确认（未使用频率统计）,08_trigonometry/T011_triple_angle_formula/meta.json; 08_trigonometry/T011_triple_angle_formula/01_statement.tex; 08_trigonometry/T011_triple_angle_formula/05_traps.tex,,no,,,第一轮候补
T012,08_trigonometry,08_trigonometry/T012_half_angle_formulas,半角公式（正弦平方、余弦平方、正切）,B,逐步显露恒等变换可分步显示，有助于看清先后依赖；连续运动收益有限,恒等变换可分步显示；常见误区：分母非零条件。,2,3,3,4,27,待确认（未使用频率统计）,08_trigonometry/T012_half_angle_formulas/meta.json; 08_trigonometry/T012_half_angle_formulas/01_statement.tex; 08_trigonometry/T012_half_angle_formulas/05_traps.tex,,no,,,第一轮候补
T013,08_trigonometry,08_trigonometry/T013_sine_cosine_power_reduction,降幂公式,B,逐步显露恒等变换可分步显示，有助于看清先后依赖；连续运动收益有限,恒等变换可分步显示；常见误区：公式符号混淆。,2,3,3,4,27,待确认（未使用频率统计）,08_trigonometry/T013_sine_cosine_power_reduction/meta.json; 08_trigonometry/T013_sine_cosine_power_reduction/01_statement.tex; 08_trigonometry/T013_sine_cosine_power_reduction/05_traps.tex,,no,,,第一轮候补
T014,08_trigonometry,08_trigonometry/T014_tan_half_angle_rational,万能公式（半角代换）,B,逐步显露恒等变换可分步显示，有助于看清先后依赖；连续运动收益有限,恒等变换可分步显示；常见误区：忽略定义域。,2,3,3,4,27,待确认（未使用频率统计）,08_trigonometry/T014_tan_half_angle_rational/meta.json; 08_trigonometry/T014_tan_half_angle_rational/01_statement.tex; 08_trigonometry/T014_tan_half_angle_rational/05_traps.tex,,no,,,第一轮候补
T015,08_trigonometry,08_trigonometry/T015_sine_cosine_combination,辅助角公式（合一变形公式）,A,动态追踪角、曲线相位或三角形边角随参数改变，静态页难同时呈现全过程与边界,角、曲线相位或三角形边角随参数改变；常见误区：系数可以为零。,3,3,3,4,31,待确认（未使用频率统计）,08_trigonometry/T015_sine_cosine_combination/meta.json; 08_trigonometry/T015_sine_cosine_combination/01_statement.tex; 08_trigonometry/T015_sine_cosine_combination/05_traps.tex,,no,,,第一轮候补
T016,08_trigonometry,08_trigonometry/T016_sum_to_product_formulas,和差化积公式,B,逐步显露恒等变换可分步显示，有助于看清先后依赖；连续运动收益有限,恒等变换可分步显示；常见误区：漏系数2。,2,3,3,4,27,待确认（未使用频率统计）,08_trigonometry/T016_sum_to_product_formulas/meta.json; 08_trigonometry/T016_sum_to_product_formulas/01_statement.tex; 08_trigonometry/T016_sum_to_product_formulas/05_traps.tex,,no,,,第一轮候补
T017,08_trigonometry,08_trigonometry/T017_homogeneous_trig_to_tan,齐次式切化弦转化法,B,逐步显露恒等变换可分步显示，有助于看清先后依赖；连续运动收益有限,恒等变换可分步显示；常见误区：忽视定义域。,2,3,3,4,27,待确认（未使用频率统计）,08_trigonometry/T017_homogeneous_trig_to_tan/meta.json; 08_trigonometry/T017_homogeneous_trig_to_tan/01_statement.tex; 08_trigonometry/T017_homogeneous_trig_to_tan/05_traps.tex,,no,,,第一轮候补
T018,08_trigonometry,08_trigonometry/T018_sin_cos_sum_product_conversion,三角函数知一求二：sin x±cos x与sin x cos x互化,C,,静态图或PDF更适合核对核心条件与结论；常见误区：忽略符号；未发现必须连续呈现的独立关系，暂缓GIF。,1,2,2,5,19,待确认（未使用频率统计）,08_trigonometry/T018_sin_cos_sum_product_conversion/meta.json; 08_trigonometry/T018_sin_cos_sum_product_conversion/01_statement.tex; 08_trigonometry/T018_sin_cos_sum_product_conversion/05_traps.tex,,no,,,暂缓：静态优先
T019,08_trigonometry,08_trigonometry/T019_triangle_angle_induction,三角形内角和诱导恒等变换,B,逐步显露恒等变换可分步显示，有助于看清先后依赖；连续运动收益有限,恒等变换可分步显示；常见误区：负号遗漏。,2,3,3,4,27,待确认（未使用频率统计）,08_trigonometry/T019_triangle_angle_induction/meta.json; 08_trigonometry/T019_triangle_angle_induction/01_statement.tex; 08_trigonometry/T019_triangle_angle_induction/05_traps.tex,,no,,,第一轮候补
T020,08_trigonometry,08_trigonometry/T020_pythagorean_identity_substitution,同角三角函数的平方恒等式（1的代换）,B,逐步显露恒等变换可分步显示，有助于看清先后依赖；连续运动收益有限,恒等变换可分步显示；常见误区：开方忘符号。,2,3,3,4,27,待确认（未使用频率统计）,08_trigonometry/T020_pythagorean_identity_substitution/meta.json; 08_trigonometry/T020_pythagorean_identity_substitution/01_statement.tex; 08_trigonometry/T020_pythagorean_identity_substitution/05_traps.tex,,no,,,第一轮候补
T021,08_trigonometry,08_trigonometry/T021_sine_transform_shift_order,三角函数图像变换：平移量与伸缩顺序的关系,A,动态追踪角、曲线相位或三角形边角随参数改变，静态页难同时呈现全过程与边界,角、曲线相位或三角形边角随参数改变；常见误区：平移量混淆。 A<0还需纵向翻折，不能只按|A|伸缩；“变换可交换”措辞不严谨。,5,5,5,4,49,待确认（未使用频率统计）,08_trigonometry/T021_sine_transform_shift_order/meta.json; 08_trigonometry/T021_sine_transform_shift_order/01_statement.tex; 08_trigonometry/T021_sine_transform_shift_order/05_traps.tex; 02_explanation.tex; 03_proof.tex; 04_examples.tex; 06_summary.tex (same directory),,yes,A<0还需纵向翻折，不能只按|A|伸缩；“变换可交换”措辞不严谨,2,Top 10 候选
T022,08_trigonometry,08_trigonometry/T022_sinusoidal_period_monotone,正弦型函数周期与单调区间,A,动态追踪角、曲线相位或三角形边角随参数改变，静态页难同时呈现全过程与边界,角、曲线相位或三角形边角随参数改变；常见误区：忽略 $$ 符号。,3,3,3,4,31,待确认（未使用频率统计）,08_trigonometry/T022_sinusoidal_period_monotone/meta.json; 08_trigonometry/T022_sinusoidal_period_monotone/01_statement.tex; 08_trigonometry/T022_sinusoidal_period_monotone/05_traps.tex,,no,,,第一轮候补
T023,08_trigonometry,08_trigonometry/T023_sine_symmetry_axis_center,正弦型函数的对称轴与对称中心,A,动态追踪角、曲线相位或三角形边角随参数改变，静态页难同时呈现全过程与边界,角、曲线相位或三角形边角随参数改变；常见误区：条件混淆。,3,3,3,4,31,待确认（未使用频率统计）,08_trigonometry/T023_sine_symmetry_axis_center/meta.json; 08_trigonometry/T023_sine_symmetry_axis_center/01_statement.tex; 08_trigonometry/T023_sine_symmetry_axis_center/05_traps.tex,,no,,,第一轮候补
T024,08_trigonometry,08_trigonometry/T024_sine_interval_max_min_substitution,正弦型三角函数在闭区间上的最值求法,A,动态追踪角、曲线相位或三角形边角随参数改变，静态页难同时呈现全过程与边界,角、曲线相位或三角形边角随参数改变；常见误区：区间换元遗忘。,3,3,3,4,31,待确认（未使用频率统计）,08_trigonometry/T024_sine_interval_max_min_substitution/meta.json; 08_trigonometry/T024_sine_interval_max_min_substitution/01_statement.tex; 08_trigonometry/T024_sine_interval_max_min_substitution/05_traps.tex,,no,,,第一轮候补
T025,08_trigonometry,08_trigonometry/T025_trig_fundamentals,三角函数基本性质表,B,逐步显露恒等变换可分步显示，有助于看清先后依赖；连续运动收益有限,恒等变换可分步显示；常见误区：定义域遗漏。,2,3,3,4,27,待确认（未使用频率统计）,08_trigonometry/T025_trig_fundamentals/meta.json; 08_trigonometry/T025_trig_fundamentals/01_statement.tex; 08_trigonometry/T025_trig_fundamentals/05_traps.tex,,no,,,第一轮候补
T026,08_trigonometry,08_trigonometry/T026_extended_sine_law,正弦定理的边角互化,A,动态追踪角、曲线相位或三角形边角随参数改变，静态页难同时呈现全过程与边界,角、曲线相位或三角形边角随参数改变；常见误区：局限直角。,3,3,3,4,31,待确认（未使用频率统计）,08_trigonometry/T026_extended_sine_law/meta.json; 08_trigonometry/T026_extended_sine_law/01_statement.tex; 08_trigonometry/T026_extended_sine_law/05_traps.tex,,no,,,第一轮候补
T027,08_trigonometry,08_trigonometry/T027_cosine_law_angle_shape,余弦定理变形：三边求角与三角形形状判断,A,动态追踪角、曲线相位或三角形边角随参数改变，静态页难同时呈现全过程与边界,角、曲线相位或三角形边角随参数改变；常见误区：边角对应。,3,3,3,4,31,待确认（未使用频率统计）,08_trigonometry/T027_cosine_law_angle_shape/meta.json; 08_trigonometry/T027_cosine_law_angle_shape/01_statement.tex; 08_trigonometry/T027_cosine_law_angle_shape/05_traps.tex,,no,,,第一轮候补
T028,08_trigonometry,08_trigonometry/T028_side_angle_sine_equivalence,正弦定理边角等价关系,C,,静态图或PDF更适合核对核心条件与结论；常见误区：单调性误用；未发现必须连续呈现的独立关系，暂缓GIF。,1,2,2,5,19,待确认（未使用频率统计）,08_trigonometry/T028_side_angle_sine_equivalence/meta.json; 08_trigonometry/T028_side_angle_sine_equivalence/01_statement.tex; 08_trigonometry/T028_side_angle_sine_equivalence/05_traps.tex,,no,,,暂缓：静态优先
T029,08_trigonometry,08_trigonometry/T029_angle_type_by_side_squares,三角形边角判据（锐直钝判定）,C,,静态图或PDF更适合核对核心条件与结论；常见误区：锐角三角形混淆；未发现必须连续呈现的独立关系，暂缓GIF。,1,2,2,5,19,待确认（未使用频率统计）,08_trigonometry/T029_angle_type_by_side_squares/meta.json; 08_trigonometry/T029_angle_type_by_side_squares/01_statement.tex; 08_trigonometry/T029_angle_type_by_side_squares/05_traps.tex,,no,,,暂缓：静态优先
T030,08_trigonometry,08_trigonometry/T030_triangle_projection_theorem,射影定理（三角形边角关系）,A,动态追踪角、曲线相位或三角形边角随参数改变，静态页难同时呈现全过程与边界,角、曲线相位或三角形边角随参数改变；常见误区：对应角混淆。,3,3,3,4,31,待确认（未使用频率统计）,08_trigonometry/T030_triangle_projection_theorem/meta.json; 08_trigonometry/T030_triangle_projection_theorem/01_statement.tex; 08_trigonometry/T030_triangle_projection_theorem/05_traps.tex,,no,,,第一轮候补
T031,08_trigonometry,08_trigonometry/T031_triangle_area_sas,三角形面积公式（两边及其夹角）,C,,静态图或PDF更适合核对核心条件与结论；常见误区：夹角识别错误；未发现必须连续呈现的独立关系，暂缓GIF。,1,2,2,5,19,待确认（未使用频率统计）,08_trigonometry/T031_triangle_area_sas/meta.json; 08_trigonometry/T031_triangle_area_sas/01_statement.tex; 08_trigonometry/T031_triangle_area_sas/05_traps.tex,,no,,,暂缓：静态优先
T032,08_trigonometry,08_trigonometry/T032_triangle_area_incircle_radius,三角形面积公式,C,,静态图或PDF更适合核对核心条件与结论；常见误区：周长半周长混淆；未发现必须连续呈现的独立关系，暂缓GIF。,1,2,2,5,19,待确认（未使用频率统计）,08_trigonometry/T032_triangle_area_incircle_radius/meta.json; 08_trigonometry/T032_triangle_area_incircle_radius/01_statement.tex; 08_trigonometry/T032_triangle_area_incircle_radius/05_traps.tex,,no,,,暂缓：静态优先
T033,08_trigonometry,08_trigonometry/T033_triangle_area_circumradius,三角形面积与外接圆半径公式,A,动态追踪角、曲线相位或三角形边角随参数改变，静态页难同时呈现全过程与边界,角、曲线相位或三角形边角随参数改变；常见误区：外接圆半径混淆。,3,3,3,4,31,待确认（未使用频率统计）,08_trigonometry/T033_triangle_area_circumradius/meta.json; 08_trigonometry/T033_triangle_area_circumradius/01_statement.tex; 08_trigonometry/T033_triangle_area_circumradius/05_traps.tex,,no,,,第一轮候补
T034,08_trigonometry,08_trigonometry/T034_angle_bisector_proportion,三角形内角平分线定理,C,,静态图或PDF更适合核对核心条件与结论；常见误区：比例颠倒；未发现必须连续呈现的独立关系，暂缓GIF。,1,2,2,5,19,待确认（未使用频率统计）,08_trigonometry/T034_angle_bisector_proportion/meta.json; 08_trigonometry/T034_angle_bisector_proportion/01_statement.tex; 08_trigonometry/T034_angle_bisector_proportion/05_traps.tex,,no,,,暂缓：静态优先
T035,08_trigonometry,08_trigonometry/T035_triangle_median_formula,中线长公式（阿波罗尼斯定理）,A,动态追踪角、曲线相位或三角形边角随参数改变，静态页难同时呈现全过程与边界,角、曲线相位或三角形边角随参数改变；常见误区：字母混淆。,3,3,3,4,31,待确认（未使用频率统计）,08_trigonometry/T035_triangle_median_formula/meta.json; 08_trigonometry/T035_triangle_median_formula/01_statement.tex; 08_trigonometry/T035_triangle_median_formula/05_traps.tex,,no,,,第一轮候补
T036,08_trigonometry,08_trigonometry/T036_ssa_solution_count,已知两边及其中一边的对角解三角形时解的个数判定（SSA）,A,动态追踪角、曲线相位或三角形边角随参数改变，静态页难同时呈现全过程与边界,角、曲线相位或三角形边角随参数改变；常见误区：忽略角类别。,3,3,3,4,31,待确认（未使用频率统计）,08_trigonometry/T036_ssa_solution_count/meta.json; 08_trigonometry/T036_ssa_solution_count/01_statement.tex; 08_trigonometry/T036_ssa_solution_count/05_traps.tex,,no,,,第一轮候补
T037,08_trigonometry,08_trigonometry/T037_heron_formula,海伦公式（三角形面积公式）,C,,静态图或PDF更适合核对核心条件与结论；常见误区：忽略三角不等式；未发现必须连续呈现的独立关系，暂缓GIF。,1,2,2,5,19,待确认（未使用频率统计）,08_trigonometry/T037_heron_formula/meta.json; 08_trigonometry/T037_heron_formula/01_statement.tex; 08_trigonometry/T037_heron_formula/05_traps.tex,,no,,,暂缓：静态优先
T038,08_trigonometry,08_trigonometry/T038_acos_equals_bcos_triangle_shape,a cos,B,逐步显露恒等变换可分步显示，有助于看清先后依赖；连续运动收益有限,恒等变换可分步显示；常见误区：遗漏第二种解。,2,3,3,4,27,待确认（未使用频率统计）,08_trigonometry/T038_acos_equals_bcos_triangle_shape/meta.json; 08_trigonometry/T038_acos_equals_bcos_triangle_shape/01_statement.tex; 08_trigonometry/T038_acos_equals_bcos_triangle_shape/05_traps.tex,,no,,,第一轮候补
T039,08_trigonometry,08_trigonometry/T039_chebyshev_first_kind,第一类切比雪夫多项式,B,逐步显露恒等变换可分步显示，有助于看清先后依赖；连续运动收益有限,恒等变换可分步显示；常见误区：定义域混淆。,2,3,3,4,27,待确认（未使用频率统计）,08_trigonometry/T039_chebyshev_first_kind/meta.json; 08_trigonometry/T039_chebyshev_first_kind/01_statement.tex; 08_trigonometry/T039_chebyshev_first_kind/05_traps.tex,,no,,,第一轮候补
P001,09_geometry-plane,09_geometry-plane/P001_distance-extreme-from-external-point,圆外一点到圆的距离极值,A,动态追踪点、圆、切线或几何构造连续改变，静态页难同时呈现全过程与边界,点、圆、切线或几何构造连续改变；需按适用条件检查。,3,3,3,4,31,待确认（未使用频率统计）,09_geometry-plane/P001_distance-extreme-from-external-point/meta.json; 09_geometry-plane/P001_distance-extreme-from-external-point/01_statement.tex; 09_geometry-plane/P001_distance-extreme-from-external-point/05_traps.tex,,no,,,第一轮候补
P002,09_geometry-plane,09_geometry-plane/P002_distance-extreme-from-internal-point,圆内一点到圆的距离极值,A,动态追踪点、圆、切线或几何构造连续改变，静态页难同时呈现全过程与边界,点、圆、切线或几何构造连续改变；需按适用条件检查。,3,3,3,4,31,待确认（未使用频率统计）,09_geometry-plane/P002_distance-extreme-from-internal-point/meta.json; 09_geometry-plane/P002_distance-extreme-from-internal-point/01_statement.tex; 09_geometry-plane/P002_distance-extreme-from-internal-point/05_traps.tex,,no,,,第一轮候补
P003,09_geometry-plane,09_geometry-plane/P003_distance-extreme-from-point-on-circle,圆上一点到圆的距离极值,A,动态追踪点、圆、切线或几何构造连续改变，静态页难同时呈现全过程与边界,点、圆、切线或几何构造连续改变；需按适用条件检查。,3,3,3,4,31,待确认（未使用频率统计）,09_geometry-plane/P003_distance-extreme-from-point-on-circle/meta.json; 09_geometry-plane/P003_distance-extreme-from-point-on-circle/01_statement.tex; 09_geometry-plane/P003_distance-extreme-from-point-on-circle/05_traps.tex,,no,,,第一轮候补
P004,09_geometry-plane,09_geometry-plane/P004_distance-extreme-between-point-and-circle-unified,点到圆距离极值统一模型,A,动态追踪点、圆、切线或几何构造连续改变，静态页难同时呈现全过程与边界,点、圆、切线或几何构造连续改变；需按适用条件检查。,3,3,3,4,31,待确认（未使用频率统计）,09_geometry-plane/P004_distance-extreme-between-point-and-circle-unified/meta.json; 09_geometry-plane/P004_distance-extreme-between-point-and-circle-unified/01_statement.tex; 09_geometry-plane/P004_distance-extreme-between-point-and-circle-unified/05_traps.tex,,no,,,第一轮候补
P005,09_geometry-plane,09_geometry-plane/P005_distance-extreme-between-line-and-circle,直线与圆的距离极值,A,动态追踪点、圆、切线或几何构造连续改变，静态页难同时呈现全过程与边界,点、圆、切线或几何构造连续改变；需按适用条件检查。,3,3,3,4,31,待确认（未使用频率统计）,09_geometry-plane/P005_distance-extreme-between-line-and-circle/meta.json; 09_geometry-plane/P005_distance-extreme-between-line-and-circle/01_statement.tex; 09_geometry-plane/P005_distance-extreme-between-line-and-circle/05_traps.tex,,no,,,第一轮候补
P006,09_geometry-plane,09_geometry-plane/P006_distance-extreme-between-two-circles,两圆之间的距离极值,A,动态追踪点、圆、切线或几何构造连续改变，静态页难同时呈现全过程与边界,点、圆、切线或几何构造连续改变；需按适用条件检查。 暂缓：相交/内含时最小值公式错误，且正文自身矛盾。,5,4,3,0,38,待确认（未使用频率统计）,09_geometry-plane/P006_distance-extreme-between-two-circles/meta.json; 09_geometry-plane/P006_distance-extreme-between-two-circles/01_statement.tex; 09_geometry-plane/P006_distance-extreme-between-two-circles/05_traps.tex; 02_explanation.tex; 03_proof.tex; 04_examples.tex; 06_summary.tex (same directory),,yes,暂缓：相交/内含时最小值公式错误，且正文自身矛盾,,数学核验前暂缓
P007,09_geometry-plane,09_geometry-plane/P007_pqr_area_symmetric,三角形面积对称公式：利用PQR表达,B,逐步显露固定几何公式或判定可分步显示，有助于看清先后依赖；连续运动收益有限,固定几何公式或判定可分步显示；常见误区：辅助量混淆。,2,3,3,4,27,待确认（未使用频率统计）,09_geometry-plane/P007_pqr_area_symmetric/meta.json; 09_geometry-plane/P007_pqr_area_symmetric/01_statement.tex; 09_geometry-plane/P007_pqr_area_symmetric/05_traps.tex,,no,,,第一轮候补
P008,09_geometry-plane,09_geometry-plane/P008_right_triangle_hypotenuse_median,直角三角形斜边中线定理,C,,静态图或PDF更适合核对核心条件与结论；常见误区：正向与逆向混淆；未发现必须连续呈现的独立关系，暂缓GIF。,1,2,2,5,19,待确认（未使用频率统计）,09_geometry-plane/P008_right_triangle_hypotenuse_median/meta.json; 09_geometry-plane/P008_right_triangle_hypotenuse_median/01_statement.tex; 09_geometry-plane/P008_right_triangle_hypotenuse_median/05_traps.tex,,no,,,暂缓：静态优先
P009,09_geometry-plane,09_geometry-plane/P009_pythagorean_theorem,勾股定理,A,动态追踪点、圆、切线或几何构造连续改变，静态页难同时呈现全过程与边界,点、圆、切线或几何构造连续改变；常见误区：边角混淆。,3,3,3,4,31,待确认（未使用频率统计）,09_geometry-plane/P009_pythagorean_theorem/meta.json; 09_geometry-plane/P009_pythagorean_theorem/01_statement.tex; 09_geometry-plane/P009_pythagorean_theorem/05_traps.tex,,no,,,第一轮候补
P010,09_geometry-plane,09_geometry-plane/P010_triangle_projection_sum,射影定理（三角形）,C,,静态图或PDF更适合核对核心条件与结论；常见误区：符号正负；未发现必须连续呈现的独立关系，暂缓GIF。,1,2,2,5,19,待确认（未使用频率统计）,09_geometry-plane/P010_triangle_projection_sum/meta.json; 09_geometry-plane/P010_triangle_projection_sum/01_statement.tex; 09_geometry-plane/P010_triangle_projection_sum/05_traps.tex,,no,,,暂缓：静态优先
P011,09_geometry-plane,09_geometry-plane/P011_line_equation_forms,直线方程的五种形式,B,逐步显露固定几何公式或判定可分步显示，有助于看清先后依赖；连续运动收益有限,固定几何公式或判定可分步显示；常见误区：忽略斜率不存在。,2,3,3,4,27,待确认（未使用频率统计）,09_geometry-plane/P011_line_equation_forms/meta.json; 09_geometry-plane/P011_line_equation_forms/01_statement.tex; 09_geometry-plane/P011_line_equation_forms/05_traps.tex,,no,,,第一轮候补
P012,09_geometry-plane,09_geometry-plane/P012_slope_parallel_perp_condition,直线平行垂直的斜率判定,B,逐步显露固定几何公式或判定可分步显示，有助于看清先后依赖；连续运动收益有限,固定几何公式或判定可分步显示；常见误区：忽视斜率不存在。,2,3,3,4,27,待确认（未使用频率统计）,09_geometry-plane/P012_slope_parallel_perp_condition/meta.json; 09_geometry-plane/P012_slope_parallel_perp_condition/01_statement.tex; 09_geometry-plane/P012_slope_parallel_perp_condition/05_traps.tex,,no,,,第一轮候补
P013,09_geometry-plane,09_geometry-plane/P013_parallel_lines_general_form,两条直线平行的一般式判定（交叉积法）,B,逐步显露固定几何公式或判定可分步显示，有助于看清先后依赖；连续运动收益有限,固定几何公式或判定可分步显示；常见误区：忽略重合。,2,3,3,4,27,待确认（未使用频率统计）,09_geometry-plane/P013_parallel_lines_general_form/meta.json; 09_geometry-plane/P013_parallel_lines_general_form/01_statement.tex; 09_geometry-plane/P013_parallel_lines_general_form/05_traps.tex,,no,,,第一轮候补
P014,09_geometry-plane,09_geometry-plane/P014_lines_perpendicular_dot_zero,两直线垂直的充要条件（一般式）,B,逐步显露固定几何公式或判定可分步显示，有助于看清先后依赖；连续运动收益有限,固定几何公式或判定可分步显示；常见误区：混淆垂直平行。,2,3,3,4,27,待确认（未使用频率统计）,09_geometry-plane/P014_lines_perpendicular_dot_zero/meta.json; 09_geometry-plane/P014_lines_perpendicular_dot_zero/01_statement.tex; 09_geometry-plane/P014_lines_perpendicular_dot_zero/05_traps.tex,,no,,,第一轮候补
P015,09_geometry-plane,09_geometry-plane/P015_point_line_distance_formula,点到直线的距离公式,C,,静态图或PDF更适合核对核心条件与结论；常见误区：分母漏开方；未发现必须连续呈现的独立关系，暂缓GIF。,1,2,2,5,19,待确认（未使用频率统计）,09_geometry-plane/P015_point_line_distance_formula/meta.json; 09_geometry-plane/P015_point_line_distance_formula/01_statement.tex; 09_geometry-plane/P015_point_line_distance_formula/05_traps.tex,,no,,,暂缓：静态优先
P016,09_geometry-plane,09_geometry-plane/P016_parallel_lines_distance_formula,两平行直线间的距离公式,B,逐步显露固定几何公式或判定可分步显示，有助于看清先后依赖；连续运动收益有限,固定几何公式或判定可分步显示；常见误区：忽略平行前提。,2,3,3,4,27,待确认（未使用频率统计）,09_geometry-plane/P016_parallel_lines_distance_formula/meta.json; 09_geometry-plane/P016_parallel_lines_distance_formula/01_statement.tex; 09_geometry-plane/P016_parallel_lines_distance_formula/05_traps.tex,,no,,,第一轮候补
P017,09_geometry-plane,09_geometry-plane/P017_line_pencil_intersection,过两直线交点的直线系方程,B,逐步显露固定几何公式或判定可分步显示，有助于看清先后依赖；连续运动收益有限,固定几何公式或判定可分步显示；常见误区：漏除直线l2。,2,3,3,4,27,待确认（未使用频率统计）,09_geometry-plane/P017_line_pencil_intersection/meta.json; 09_geometry-plane/P017_line_pencil_intersection/01_statement.tex; 09_geometry-plane/P017_line_pencil_intersection/05_traps.tex,,no,,,第一轮候补
P018,09_geometry-plane,09_geometry-plane/P018_point_line_symmetry_coordinate,点关于直线的对称点坐标公式,A,动态追踪点、圆、切线或几何构造连续改变，静态页难同时呈现全过程与边界,点、圆、切线或几何构造连续改变；常见误区：符号遗漏。,3,3,3,4,31,待确认（未使用频率统计）,09_geometry-plane/P018_point_line_symmetry_coordinate/meta.json; 09_geometry-plane/P018_point_line_symmetry_coordinate/01_statement.tex; 09_geometry-plane/P018_point_line_symmetry_coordinate/05_traps.tex,,no,,,第一轮候补
P019,09_geometry-plane,09_geometry-plane/P019_circle_standard_general_equation,圆的标准方程与一般方程,B,逐步显露固定几何公式或判定可分步显示，有助于看清先后依赖；连续运动收益有限,固定几何公式或判定可分步显示；常见误区：忽略判别条件。,2,3,3,4,27,待确认（未使用频率统计）,09_geometry-plane/P019_circle_standard_general_equation/meta.json; 09_geometry-plane/P019_circle_standard_general_equation/01_statement.tex; 09_geometry-plane/P019_circle_standard_general_equation/05_traps.tex,,no,,,第一轮候补
P020,09_geometry-plane,09_geometry-plane/P020_circle_center_radius_formula,圆的一般方程与圆心半径公式,B,逐步显露固定几何公式或判定可分步显示，有助于看清先后依赖；连续运动收益有限,固定几何公式或判定可分步显示；常见误区：系数未归一。,2,3,3,4,27,待确认（未使用频率统计）,09_geometry-plane/P020_circle_center_radius_formula/meta.json; 09_geometry-plane/P020_circle_center_radius_formula/01_statement.tex; 09_geometry-plane/P020_circle_center_radius_formula/05_traps.tex,,no,,,第一轮候补
P021,09_geometry-plane,09_geometry-plane/P021_line_circle_distance_condition,直线与圆的位置关系判定（d与r比较）,A,动态追踪点、圆、切线或几何构造连续改变，静态页难同时呈现全过程与边界,点、圆、切线或几何构造连续改变；常见误区：分母开方遗漏。,3,3,3,4,31,待确认（未使用频率统计）,09_geometry-plane/P021_line_circle_distance_condition/meta.json; 09_geometry-plane/P021_line_circle_distance_condition/01_statement.tex; 09_geometry-plane/P021_line_circle_distance_condition/05_traps.tex,,no,,,第一轮候补
P022,09_geometry-plane,09_geometry-plane/P022_circle_chord_length_formula,弦长公式（圆）,A,动态追踪点、圆、切线或几何构造连续改变，静态页难同时呈现全过程与边界,点、圆、切线或几何构造连续改变；常见误区：漏乘系数2。,3,3,3,4,31,待确认（未使用频率统计）,09_geometry-plane/P022_circle_chord_length_formula/meta.json; 09_geometry-plane/P022_circle_chord_length_formula/01_statement.tex; 09_geometry-plane/P022_circle_chord_length_formula/05_traps.tex,,no,,,第一轮候补
P023,09_geometry-plane,09_geometry-plane/P023_circle_family_linear_combination,圆系方程：过两圆或圆与直线公共点的圆方程统一写法,B,逐步显露固定几何公式或判定可分步显示，有助于看清先后依赖；连续运动收益有限,固定几何公式或判定可分步显示；常见误区：忽略参数限制。,2,3,3,4,27,待确认（未使用频率统计）,09_geometry-plane/P023_circle_family_linear_combination/meta.json; 09_geometry-plane/P023_circle_family_linear_combination/01_statement.tex; 09_geometry-plane/P023_circle_family_linear_combination/05_traps.tex,,no,,,第一轮候补
P024,09_geometry-plane,09_geometry-plane/P024_circles_relative_position,两圆位置关系判定,A,动态追踪点、圆、切线或几何构造连续改变，静态页难同时呈现全过程与边界,点、圆、切线或几何构造连续改变；常见误区：忽视半径大小。,3,3,3,4,31,待确认（未使用频率统计）,09_geometry-plane/P024_circles_relative_position/meta.json; 09_geometry-plane/P024_circles_relative_position/01_statement.tex; 09_geometry-plane/P024_circles_relative_position/05_traps.tex,,no,,,第一轮候补
P025,09_geometry-plane,09_geometry-plane/P025_circle_tangent_at_point,圆的切线方程（切点在圆上）,A,动态追踪点、圆、切线或几何构造连续改变，静态页难同时呈现全过程与边界,点、圆、切线或几何构造连续改变；常见误区：公式记错。,3,3,3,4,31,待确认（未使用频率统计）,09_geometry-plane/P025_circle_tangent_at_point/meta.json; 09_geometry-plane/P025_circle_tangent_at_point/01_statement.tex; 09_geometry-plane/P025_circle_tangent_at_point/05_traps.tex,,no,,,第一轮候补
P026,09_geometry-plane,09_geometry-plane/P026_tangent_length_equality,切线长定理,A,动态追踪点、圆、切线或几何构造连续改变，静态页难同时呈现全过程与边界,点、圆、切线或几何构造连续改变；常见误区：公式混淆。,3,3,3,4,31,待确认（未使用频率统计）,09_geometry-plane/P026_tangent_length_equality/meta.json; 09_geometry-plane/P026_tangent_length_equality/01_statement.tex; 09_geometry-plane/P026_tangent_length_equality/05_traps.tex,,no,,,第一轮候补
P027,09_geometry-plane,09_geometry-plane/P027_circle_diameter_form,圆的直径式方程,C,,静态图或PDF更适合核对核心条件与结论；常见误区：混淆形式；未发现必须连续呈现的独立关系，暂缓GIF。,1,2,2,5,19,待确认（未使用频率统计）,09_geometry-plane/P027_circle_diameter_form/meta.json; 09_geometry-plane/P027_circle_diameter_form/01_statement.tex; 09_geometry-plane/P027_circle_diameter_form/05_traps.tex,,no,,,暂缓：静态优先
P028,09_geometry-plane,09_geometry-plane/P028_cyclic_quadrilateral_supplementary,圆内接四边形对角互补,B,逐步显露固定几何公式或判定可分步显示，有助于看清先后依赖；连续运动收益有限,固定几何公式或判定可分步显示；常见误区：误认为普遍成立。,2,3,3,4,27,待确认（未使用频率统计）,09_geometry-plane/P028_cyclic_quadrilateral_supplementary/meta.json; 09_geometry-plane/P028_cyclic_quadrilateral_supplementary/01_statement.tex; 09_geometry-plane/P028_cyclic_quadrilateral_supplementary/05_traps.tex,,no,,,第一轮候补
P029,09_geometry-plane,09_geometry-plane/P029_centroid_median_2_1,三角形重心分中线比例2:1,A,动态追踪点、圆、切线或几何构造连续改变，静态页难同时呈现全过程与边界,点、圆、切线或几何构造连续改变；常见误区：方向混淆。,3,3,3,4,31,待确认（未使用频率统计）,09_geometry-plane/P029_centroid_median_2_1/meta.json; 09_geometry-plane/P029_centroid_median_2_1/01_statement.tex; 09_geometry-plane/P029_centroid_median_2_1/05_traps.tex,,no,,,第一轮候补
P030,09_geometry-plane,09_geometry-plane/P030_centroid_min_sq_dist,三角形重心到三顶点距离平方和最小值,A,动态追踪点、圆、切线或几何构造连续改变，静态页难同时呈现全过程与边界,点、圆、切线或几何构造连续改变；常见误区：忽视非退化条件。,3,3,3,4,31,待确认（未使用频率统计）,09_geometry-plane/P030_centroid_min_sq_dist/meta.json; 09_geometry-plane/P030_centroid_min_sq_dist/01_statement.tex; 09_geometry-plane/P030_centroid_min_sq_dist/05_traps.tex,,no,,,第一轮候补
P031,09_geometry-plane,09_geometry-plane/P031_circumcenter_sine_law,外心性质与正弦定理,C,,静态图或PDF更适合核对核心条件与结论；常见误区：外心位置；未发现必须连续呈现的独立关系，暂缓GIF。,1,2,2,5,19,待确认（未使用频率统计）,09_geometry-plane/P031_circumcenter_sine_law/meta.json; 09_geometry-plane/P031_circumcenter_sine_law/01_statement.tex; 09_geometry-plane/P031_circumcenter_sine_law/05_traps.tex,,no,,,暂缓：静态优先
P032,09_geometry-plane,09_geometry-plane/P032_orthocenter_perpendicular,垂心的垂直性质,C,,静态图或PDF更适合核对核心条件与结论；常见误区：垂心位置误判；未发现必须连续呈现的独立关系，暂缓GIF。,1,2,2,5,19,待确认（未使用频率统计）,09_geometry-plane/P032_orthocenter_perpendicular/meta.json; 09_geometry-plane/P032_orthocenter_perpendicular/01_statement.tex; 09_geometry-plane/P032_orthocenter_perpendicular/05_traps.tex,,no,,,暂缓：静态优先
P033,09_geometry-plane,09_geometry-plane/P033_incenter_incircle_radius,内心到三边距离相等及内切圆半径公式,C,,静态图或PDF更适合核对核心条件与结论；常见误区：公式记忆；未发现必须连续呈现的独立关系，暂缓GIF。,1,2,2,5,19,待确认（未使用频率统计）,09_geometry-plane/P033_incenter_incircle_radius/meta.json; 09_geometry-plane/P033_incenter_incircle_radius/01_statement.tex; 09_geometry-plane/P033_incenter_incircle_radius/05_traps.tex,,no,,,暂缓：静态优先
P034,09_geometry-plane,09_geometry-plane/P034_euler_line_ratio,欧拉线定理,A,动态追踪点、圆、切线或几何构造连续改变，静态页难同时呈现全过程与边界,点、圆、切线或几何构造连续改变；常见误区：条件忽略。,3,3,3,4,31,待确认（未使用频率统计）,09_geometry-plane/P034_euler_line_ratio/meta.json; 09_geometry-plane/P034_euler_line_ratio/01_statement.tex; 09_geometry-plane/P034_euler_line_ratio/05_traps.tex,,no,,,第一轮候补
P035,09_geometry-plane,09_geometry-plane/P035_angle_bisector_ratio,三角形内角平分线定理,A,动态追踪点、圆、切线或几何构造连续改变，静态页难同时呈现全过程与边界,点、圆、切线或几何构造连续改变；常见误区：边对应混淆。,3,3,3,4,31,待确认（未使用频率统计）,09_geometry-plane/P035_angle_bisector_ratio/meta.json; 09_geometry-plane/P035_angle_bisector_ratio/01_statement.tex; 09_geometry-plane/P035_angle_bisector_ratio/05_traps.tex,,no,,,第一轮候补
P036,09_geometry-plane,09_geometry-plane/P036_external_angle_bisector_ratio,外角平分线定理,A,动态追踪点、圆、切线或几何构造连续改变，静态页难同时呈现全过程与边界,点、圆、切线或几何构造连续改变；常见误区：混淆内外形式。,3,3,3,4,31,待确认（未使用频率统计）,09_geometry-plane/P036_external_angle_bisector_ratio/meta.json; 09_geometry-plane/P036_external_angle_bisector_ratio/01_statement.tex; 09_geometry-plane/P036_external_angle_bisector_ratio/05_traps.tex,,no,,,第一轮候补
P037,09_geometry-plane,09_geometry-plane/P037_median_length_formula,中线长公式（阿波罗尼奥斯定理）,C,,静态图或PDF更适合核对核心条件与结论；常见误区：混淆字母对应；未发现必须连续呈现的独立关系，暂缓GIF。,1,2,2,5,19,待确认（未使用频率统计）,09_geometry-plane/P037_median_length_formula/meta.json; 09_geometry-plane/P037_median_length_formula/01_statement.tex; 09_geometry-plane/P037_median_length_formula/05_traps.tex,,no,,,暂缓：静态优先
P038,09_geometry-plane,09_geometry-plane/P038_stewart_cevian_length,斯特瓦尔特定理：三角形内分点与对顶点连线长度公式,C,,静态图或PDF更适合核对核心条件与结论；常见误区：公式记忆混淆；未发现必须连续呈现的独立关系，暂缓GIF。,1,2,2,5,19,待确认（未使用频率统计）,09_geometry-plane/P038_stewart_cevian_length/meta.json; 09_geometry-plane/P038_stewart_cevian_length/01_statement.tex; 09_geometry-plane/P038_stewart_cevian_length/05_traps.tex,,no,,,暂缓：静态优先
P039,09_geometry-plane,09_geometry-plane/P039_menelaus_theorem,梅涅劳斯定理,A,动态追踪点、圆、切线或几何构造连续改变，静态页难同时呈现全过程与边界,点、圆、切线或几何构造连续改变；常见误区：有向混淆。,3,3,3,4,31,待确认（未使用频率统计）,09_geometry-plane/P039_menelaus_theorem/meta.json; 09_geometry-plane/P039_menelaus_theorem/01_statement.tex; 09_geometry-plane/P039_menelaus_theorem/05_traps.tex,,no,,,第一轮候补
P040,09_geometry-plane,09_geometry-plane/P040_ceva_concurrency,塞瓦定理（Ceva定理）,A,动态追踪点、圆、切线或几何构造连续改变，静态页难同时呈现全过程与边界,点、圆、切线或几何构造连续改变；常见误区：有向比符号。,3,3,3,4,31,待确认（未使用频率统计）,09_geometry-plane/P040_ceva_concurrency/meta.json; 09_geometry-plane/P040_ceva_concurrency/01_statement.tex; 09_geometry-plane/P040_ceva_concurrency/05_traps.tex,,no,,,第一轮候补
P041,09_geometry-plane,09_geometry-plane/P041_ptolemy_identity,托勒密定理（圆内接四边形对角线乘积公式）,A,动态追踪点、圆、切线或几何构造连续改变，静态页难同时呈现全过程与边界,点、圆、切线或几何构造连续改变；常见误区：边序混乱。,3,3,3,4,31,待确认（未使用频率统计）,09_geometry-plane/P041_ptolemy_identity/meta.json; 09_geometry-plane/P041_ptolemy_identity/01_statement.tex; 09_geometry-plane/P041_ptolemy_identity/05_traps.tex,,no,,,第一轮候补
P042,09_geometry-plane,09_geometry-plane/P042_cevian_sine_relation,张角定理,C,,静态图或PDF更适合核对核心条件与结论；常见误区：角边对应混淆；未发现必须连续呈现的独立关系，暂缓GIF。,1,2,2,5,19,待确认（未使用频率统计）,09_geometry-plane/P042_cevian_sine_relation/meta.json; 09_geometry-plane/P042_cevian_sine_relation/01_statement.tex; 09_geometry-plane/P042_cevian_sine_relation/05_traps.tex,,no,,,暂缓：静态优先
P043,09_geometry-plane,09_geometry-plane/P043_triangle_area_sas,三角形面积公式（两边及夹角）,B,逐步显露固定几何公式或判定可分步显示，有助于看清先后依赖；连续运动收益有限,固定几何公式或判定可分步显示；常见误区：夹角辨别错误。,2,3,3,4,27,待确认（未使用频率统计）,09_geometry-plane/P043_triangle_area_sas/meta.json; 09_geometry-plane/P043_triangle_area_sas/01_statement.tex; 09_geometry-plane/P043_triangle_area_sas/05_traps.tex,,no,,,第一轮候补
P044,09_geometry-plane,09_geometry-plane/P044_incircle_area_semiperimeter_radius,三角形内切圆面积公式,B,逐步显露固定几何公式或判定可分步显示，有助于看清先后依赖；连续运动收益有限,固定几何公式或判定可分步显示；常见误区：半周长混淆。,2,3,3,4,27,待确认（未使用频率统计）,09_geometry-plane/P044_incircle_area_semiperimeter_radius/meta.json; 09_geometry-plane/P044_incircle_area_semiperimeter_radius/01_statement.tex; 09_geometry-plane/P044_incircle_area_semiperimeter_radius/05_traps.tex,,no,,,第一轮候补
P045,09_geometry-plane,09_geometry-plane/P045_triangle_area_circumradius_formula,三角形面积与外接圆半径公式,B,逐步显露固定几何公式或判定可分步显示，有助于看清先后依赖；连续运动收益有限,固定几何公式或判定可分步显示；常见误区：记忆错误。,2,3,3,4,27,待确认（未使用频率统计）,09_geometry-plane/P045_triangle_area_circumradius_formula/meta.json; 09_geometry-plane/P045_triangle_area_circumradius_formula/01_statement.tex; 09_geometry-plane/P045_triangle_area_circumradius_formula/05_traps.tex,,no,,,第一轮候补
P046,09_geometry-plane,09_geometry-plane/P046_heron_formula,海伦公式：三角形面积（三边求面积）,B,逐步显露固定几何公式或判定可分步显示，有助于看清先后依赖；连续运动收益有限,固定几何公式或判定可分步显示；常见误区：三角不等式忽略。,2,3,3,4,27,待确认（未使用频率统计）,09_geometry-plane/P046_heron_formula/meta.json; 09_geometry-plane/P046_heron_formula/01_statement.tex; 09_geometry-plane/P046_heron_formula/05_traps.tex,,no,,,第一轮候补
P047,09_geometry-plane,09_geometry-plane/P047_concyclic_points_conditions,四点共圆的判定条件,A,动态追踪点、圆、切线或几何构造连续改变，静态页难同时呈现全过程与边界,点、圆、切线或几何构造连续改变；常见误区：混淆互补角。,3,3,3,4,31,待确认（未使用频率统计）,09_geometry-plane/P047_concyclic_points_conditions/meta.json; 09_geometry-plane/P047_concyclic_points_conditions/01_statement.tex; 09_geometry-plane/P047_concyclic_points_conditions/05_traps.tex,,no,,,第一轮候补
P048,09_geometry-plane,09_geometry-plane/P048_intersecting_chords,相交弦定理,C,,静态图或PDF更适合核对核心条件与结论；常见误区：忽略圆内条件；未发现必须连续呈现的独立关系，暂缓GIF。,1,2,2,5,19,待确认（未使用频率统计）,09_geometry-plane/P048_intersecting_chords/meta.json; 09_geometry-plane/P048_intersecting_chords/01_statement.tex; 09_geometry-plane/P048_intersecting_chords/05_traps.tex,,no,,,暂缓：静态优先
P049,09_geometry-plane,09_geometry-plane/P049_secant_secant_product,割线定理,C,,静态图或PDF更适合核对核心条件与结论；常见误区：混淆线段；未发现必须连续呈现的独立关系，暂缓GIF。,1,2,2,5,19,待确认（未使用频率统计）,09_geometry-plane/P049_secant_secant_product/meta.json; 09_geometry-plane/P049_secant_secant_product/01_statement.tex; 09_geometry-plane/P049_secant_secant_product/05_traps.tex,,no,,,暂缓：静态优先
P050,09_geometry-plane,09_geometry-plane/P050_tangent_secant_power,切割线定理,C,,静态图或PDF更适合核对核心条件与结论；常见误区：线段混淆；未发现必须连续呈现的独立关系，暂缓GIF。,1,2,2,5,19,待确认（未使用频率统计）,09_geometry-plane/P050_tangent_secant_power/meta.json; 09_geometry-plane/P050_tangent_secant_power/01_statement.tex; 09_geometry-plane/P050_tangent_secant_power/05_traps.tex,,no,,,暂缓：静态优先
P051,09_geometry-plane,09_geometry-plane/P051_power_of_point,圆幂定理,A,动态追踪点、圆、切线或几何构造连续改变，静态页难同时呈现全过程与边界,点、圆、切线或几何构造连续改变；常见误区：忘记绝对值。,3,3,3,4,31,待确认（未使用频率统计）,09_geometry-plane/P051_power_of_point/meta.json; 09_geometry-plane/P051_power_of_point/01_statement.tex; 09_geometry-plane/P051_power_of_point/05_traps.tex,,no,,,第一轮候补
P052,09_geometry-plane,09_geometry-plane/P052_tangent_chord_angle,弦切角定理,C,,静态图或PDF更适合核对核心条件与结论；常见误区：定义混淆；未发现必须连续呈现的独立关系，暂缓GIF。,1,2,2,5,19,待确认（未使用频率统计）,09_geometry-plane/P052_tangent_chord_angle/meta.json; 09_geometry-plane/P052_tangent_chord_angle/01_statement.tex; 09_geometry-plane/P052_tangent_chord_angle/05_traps.tex,,no,,,暂缓：静态优先
J001,10_junior_basics,10_junior_basics/J001_a_shape_similarity,A字型相似（平行截相似）,A,动态追踪旋转、相似、轨迹或最短路径构造随动点改变，静态页难同时呈现全过程与边界,旋转、相似、轨迹或最短路径构造随动点改变；常见误区：缺少平行条件。,3,3,3,4,31,待确认（未使用频率统计）,10_junior_basics/J001_a_shape_similarity/meta.json; 10_junior_basics/J001_a_shape_similarity/01_statement.tex; 10_junior_basics/J001_a_shape_similarity/05_traps.tex,,no,,,第一轮候补
J002,10_junior_basics,10_junior_basics/J002_cross_similarity,8字型相似模型（平行线夹相交线）,A,动态追踪旋转、相似、轨迹或最短路径构造随动点改变，静态页难同时呈现全过程与边界,旋转、相似、轨迹或最短路径构造随动点改变；常见误区：对应边错配。,3,3,3,4,31,待确认（未使用频率统计）,10_junior_basics/J002_cross_similarity/meta.json; 10_junior_basics/J002_cross_similarity/01_statement.tex; 10_junior_basics/J002_cross_similarity/05_traps.tex,,no,,,第一轮候补
J003,10_junior_basics,10_junior_basics/J003_right_triangle_altitude_projection,直角三角形射影定理（母子相似定理）,A,动态追踪旋转、相似、轨迹或最短路径构造随动点改变，静态页难同时呈现全过程与边界,旋转、相似、轨迹或最短路径构造随动点改变；常见误区：公式记错。,3,3,3,4,31,待确认（未使用频率统计）,10_junior_basics/J003_right_triangle_altitude_projection/meta.json; 10_junior_basics/J003_right_triangle_altitude_projection/01_statement.tex; 10_junior_basics/J003_right_triangle_altitude_projection/05_traps.tex,,no,,,第一轮候补
J004,10_junior_basics,10_junior_basics/J004_parallel_lines_proportion,平行线分线段成比例定理,C,,静态图或PDF更适合核对核心条件与结论；常见误区：对应关系混淆；未发现必须连续呈现的独立关系，暂缓GIF。,1,2,2,5,19,待确认（未使用频率统计）,10_junior_basics/J004_parallel_lines_proportion/meta.json; 10_junior_basics/J004_parallel_lines_proportion/01_statement.tex; 10_junior_basics/J004_parallel_lines_proportion/05_traps.tex,,no,,,暂缓：静态优先
J005,10_junior_basics,10_junior_basics/J005_three_equal_angles_similarity,一线三等角模型,A,动态追踪旋转、相似、轨迹或最短路径构造随动点改变，静态页难同时呈现全过程与边界,旋转、相似、轨迹或最短路径构造随动点改变；常见误区：对应边匹配错误。,3,3,3,4,31,待确认（未使用频率统计）,10_junior_basics/J005_three_equal_angles_similarity/meta.json; 10_junior_basics/J005_three_equal_angles_similarity/01_statement.tex; 10_junior_basics/J005_three_equal_angles_similarity/05_traps.tex,,no,,,第一轮候补
J006,10_junior_basics,10_junior_basics/J006_pythagorean_tiling,弦图模型,A,动态追踪旋转、相似、轨迹或最短路径构造随动点改变，静态页难同时呈现全过程与边界,旋转、相似、轨迹或最短路径构造随动点改变；常见误区：边长混淆。,3,3,3,4,31,待确认（未使用频率统计）,10_junior_basics/J006_pythagorean_tiling/meta.json; 10_junior_basics/J006_pythagorean_tiling/01_statement.tex; 10_junior_basics/J006_pythagorean_tiling/05_traps.tex,,no,,,第一轮候补
J007,10_junior_basics,10_junior_basics/J007_similar_triangles_area_ratio_square,相似三角形面积比等于相似比的平方,C,,静态图或PDF更适合核对核心条件与结论；常见误区：忽略平方关系；未发现必须连续呈现的独立关系，暂缓GIF。,1,2,2,5,19,待确认（未使用频率统计）,10_junior_basics/J007_similar_triangles_area_ratio_square/meta.json; 10_junior_basics/J007_similar_triangles_area_ratio_square/01_statement.tex; 10_junior_basics/J007_similar_triangles_area_ratio_square/05_traps.tex,,no,,,暂缓：静态优先
J008,10_junior_basics,10_junior_basics/J008_similar_triangle_criteria,相似三角形的判定,C,,静态图或PDF更适合核对核心条件与结论；常见误区：SAS夹角条件；未发现必须连续呈现的独立关系，暂缓GIF。,1,2,2,5,19,待确认（未使用频率统计）,10_junior_basics/J008_similar_triangle_criteria/meta.json; 10_junior_basics/J008_similar_triangle_criteria/01_statement.tex; 10_junior_basics/J008_similar_triangle_criteria/05_traps.tex,,no,,,暂缓：静态优先
J009,10_junior_basics,10_junior_basics/J009_inscribed_angle_half_central,圆周角定理,A,动态追踪旋转、相似、轨迹或最短路径构造随动点改变，静态页难同时呈现全过程与边界,旋转、相似、轨迹或最短路径构造随动点改变；常见误区：弧位误判。,3,3,3,4,31,待确认（未使用频率统计）,10_junior_basics/J009_inscribed_angle_half_central/meta.json; 10_junior_basics/J009_inscribed_angle_half_central/01_statement.tex; 10_junior_basics/J009_inscribed_angle_half_central/05_traps.tex,,no,,,第一轮候补
J010,10_junior_basics,10_junior_basics/J010_arc_angle_equivalence,等弧对等角，等角对等弧（圆周角定理推论）,C,,静态图或PDF更适合核对核心条件与结论；常见误区：前提同圆或等圆；未发现必须连续呈现的独立关系，暂缓GIF。,1,2,2,5,19,待确认（未使用频率统计）,10_junior_basics/J010_arc_angle_equivalence/meta.json; 10_junior_basics/J010_arc_angle_equivalence/01_statement.tex; 10_junior_basics/J010_arc_angle_equivalence/05_traps.tex,,no,,,暂缓：静态优先
J011,10_junior_basics,10_junior_basics/J011_angle_in_semicircle,直径所对的圆周角是直角,C,,静态图或PDF更适合核对核心条件与结论；常见误区：误用条件；未发现必须连续呈现的独立关系，暂缓GIF。,1,2,2,5,19,待确认（未使用频率统计）,10_junior_basics/J011_angle_in_semicircle/meta.json; 10_junior_basics/J011_angle_in_semicircle/01_statement.tex; 10_junior_basics/J011_angle_in_semicircle/05_traps.tex,,no,,,暂缓：静态优先
J012,10_junior_basics,10_junior_basics/J012_central_angle_arc_measure,圆心角定理：圆心角等于所对弧的度数,C,,静态图或PDF更适合核对核心条件与结论；常见误区：同圆条件忽略；未发现必须连续呈现的独立关系，暂缓GIF。,1,2,2,5,19,待确认（未使用频率统计）,10_junior_basics/J012_central_angle_arc_measure/meta.json; 10_junior_basics/J012_central_angle_arc_measure/01_statement.tex; 10_junior_basics/J012_central_angle_arc_measure/05_traps.tex,,no,,,暂缓：静态优先
J013,10_junior_basics,10_junior_basics/J013_tangent_chord_angle,弦切角定理,C,,静态图或PDF更适合核对核心条件与结论；常见误区：切点角识别；未发现必须连续呈现的独立关系，暂缓GIF。,1,2,2,5,19,待确认（未使用频率统计）,10_junior_basics/J013_tangent_chord_angle/meta.json; 10_junior_basics/J013_tangent_chord_angle/01_statement.tex; 10_junior_basics/J013_tangent_chord_angle/05_traps.tex,,no,,,暂缓：静态优先
J014,10_junior_basics,10_junior_basics/J014_cyclic_quad_opposite_angles_supplementary,圆内接四边形对角互补定理,C,,静态图或PDF更适合核对核心条件与结论；常见误区：混淆对角；未发现必须连续呈现的独立关系，暂缓GIF。,1,2,2,5,19,待确认（未使用频率统计）,10_junior_basics/J014_cyclic_quad_opposite_angles_supplementary/meta.json; 10_junior_basics/J014_cyclic_quad_opposite_angles_supplementary/01_statement.tex; 10_junior_basics/J014_cyclic_quad_opposite_angles_supplementary/05_traps.tex,,no,,,暂缓：静态优先
J015,10_junior_basics,10_junior_basics/J015_cyclic_quadrilateral_supplementary_angles,四点共圆的判定（对角互补）,C,,静态图或PDF更适合核对核心条件与结论；常见误区：混淆对角邻角；未发现必须连续呈现的独立关系，暂缓GIF。,1,2,2,5,19,待确认（未使用频率统计）,10_junior_basics/J015_cyclic_quadrilateral_supplementary_angles/meta.json; 10_junior_basics/J015_cyclic_quadrilateral_supplementary_angles/01_statement.tex; 10_junior_basics/J015_cyclic_quadrilateral_supplementary_angles/05_traps.tex,,no,,,暂缓：静态优先
J016,10_junior_basics,10_junior_basics/J016_tangent_perpendicular_radius,切线判定定理,A,动态追踪旋转、相似、轨迹或最短路径构造随动点改变，静态页难同时呈现全过程与边界,旋转、相似、轨迹或最短路径构造随动点改变；常见误区：忽略点位置。,3,3,3,4,31,待确认（未使用频率统计）,10_junior_basics/J016_tangent_perpendicular_radius/meta.json; 10_junior_basics/J016_tangent_perpendicular_radius/01_statement.tex; 10_junior_basics/J016_tangent_perpendicular_radius/05_traps.tex,,no,,,第一轮候补
J017,10_junior_basics,10_junior_basics/J017_circle_tangent_perpendicular,圆的切线性质定理,A,动态追踪旋转、相似、轨迹或最短路径构造随动点改变，静态页难同时呈现全过程与边界,旋转、相似、轨迹或最短路径构造随动点改变；常见误区：混淆切线判定。,3,3,3,4,31,待确认（未使用频率统计）,10_junior_basics/J017_circle_tangent_perpendicular/meta.json; 10_junior_basics/J017_circle_tangent_perpendicular/01_statement.tex; 10_junior_basics/J017_circle_tangent_perpendicular/05_traps.tex,,no,,,第一轮候补
J018,10_junior_basics,10_junior_basics/J018_intersecting_chords_product,相交弦定理,C,,静态图或PDF更适合核对核心条件与结论；常见误区：线段配对错；未发现必须连续呈现的独立关系，暂缓GIF。,1,2,2,5,19,待确认（未使用频率统计）,10_junior_basics/J018_intersecting_chords_product/meta.json; 10_junior_basics/J018_intersecting_chords_product/01_statement.tex; 10_junior_basics/J018_intersecting_chords_product/05_traps.tex,,no,,,暂缓：静态优先
J019,10_junior_basics,10_junior_basics/J019_tangent_lengths_equal,切线长定理,C,,静态图或PDF更适合核对核心条件与结论；常见误区：混淆概念；未发现必须连续呈现的独立关系，暂缓GIF。,1,2,2,5,19,待确认（未使用频率统计）,10_junior_basics/J019_tangent_lengths_equal/meta.json; 10_junior_basics/J019_tangent_lengths_equal/01_statement.tex; 10_junior_basics/J019_tangent_lengths_equal/05_traps.tex,,no,,,暂缓：静态优先
J020,10_junior_basics,10_junior_basics/J020_intersecting_secants_product,割线定理,C,,静态图或PDF更适合核对核心条件与结论；常见误区：线段混淆；未发现必须连续呈现的独立关系，暂缓GIF。,1,2,2,5,19,待确认（未使用频率统计）,10_junior_basics/J020_intersecting_secants_product/meta.json; 10_junior_basics/J020_intersecting_secants_product/01_statement.tex; 10_junior_basics/J020_intersecting_secants_product/05_traps.tex,,no,,,暂缓：静态优先
J021,10_junior_basics,10_junior_basics/J021_tangent_secant_square,切割线定理,C,,静态图或PDF更适合核对核心条件与结论；常见误区：条件遗漏；未发现必须连续呈现的独立关系，暂缓GIF。,1,2,2,5,19,待确认（未使用频率统计）,10_junior_basics/J021_tangent_secant_square/meta.json; 10_junior_basics/J021_tangent_secant_square/01_statement.tex; 10_junior_basics/J021_tangent_secant_square/05_traps.tex,,no,,,暂缓：静态优先
J022,10_junior_basics,10_junior_basics/J022_diameter_perpendicular_chord,垂径定理,A,动态追踪旋转、相似、轨迹或最短路径构造随动点改变，静态页难同时呈现全过程与边界,旋转、相似、轨迹或最短路径构造随动点改变；常见误区：直径特殊情形。,3,3,3,4,31,待确认（未使用频率统计）,10_junior_basics/J022_diameter_perpendicular_chord/meta.json; 10_junior_basics/J022_diameter_perpendicular_chord/01_statement.tex; 10_junior_basics/J022_diameter_perpendicular_chord/05_traps.tex,,no,,,第一轮候补
J023,10_junior_basics,10_junior_basics/J023_quadratic_vertex_coordinates,二次函数顶点坐标公式,C,,静态图或PDF更适合核对核心条件与结论；常见误区：顶点横坐标符号；未发现必须连续呈现的独立关系，暂缓GIF。,1,2,2,5,19,待确认（未使用频率统计）,10_junior_basics/J023_quadratic_vertex_coordinates/meta.json; 10_junior_basics/J023_quadratic_vertex_coordinates/01_statement.tex; 10_junior_basics/J023_quadratic_vertex_coordinates/05_traps.tex,,no,,,暂缓：静态优先
J024,10_junior_basics,10_junior_basics/J024_quadratic_interval_extrema_classification,二次函数区间最值分类公式,A,动态追踪旋转、相似、轨迹或最短路径构造随动点改变，静态页难同时呈现全过程与边界,旋转、相似、轨迹或最短路径构造随动点改变；常见误区：忽略开口方向。,3,3,3,4,31,待确认（未使用频率统计）,10_junior_basics/J024_quadratic_interval_extrema_classification/meta.json; 10_junior_basics/J024_quadratic_interval_extrema_classification/01_statement.tex; 10_junior_basics/J024_quadratic_interval_extrema_classification/05_traps.tex,,no,,,第一轮候补
J025,10_junior_basics,10_junior_basics/J025_quadratic_area_extremum_vertex,二次函数闭区间面积最值（顶点法）,A,动态追踪旋转、相似、轨迹或最短路径构造随动点改变，静态页难同时呈现全过程与边界,旋转、相似、轨迹或最短路径构造随动点改变；常见误区：忽略定义域。,3,3,3,4,31,待确认（未使用频率统计）,10_junior_basics/J025_quadratic_area_extremum_vertex/meta.json; 10_junior_basics/J025_quadratic_area_extremum_vertex/01_statement.tex; 10_junior_basics/J025_quadratic_area_extremum_vertex/05_traps.tex,,no,,,第一轮候补
J026,10_junior_basics,10_junior_basics/J026_quadratic_linear_intersection_discriminant,二次函数与一次函数交点个数判别,A,动态追踪旋转、相似、轨迹或最短路径构造随动点改变，静态页难同时呈现全过程与边界,旋转、相似、轨迹或最短路径构造随动点改变；常见误区：忽略二次项系数。,3,3,3,4,31,待确认（未使用频率统计）,10_junior_basics/J026_quadratic_linear_intersection_discriminant/meta.json; 10_junior_basics/J026_quadratic_linear_intersection_discriminant/01_statement.tex; 10_junior_basics/J026_quadratic_linear_intersection_discriminant/05_traps.tex,,no,,,第一轮候补
J027,10_junior_basics,10_junior_basics/J027_linear_function_slope_intercept,一次函数的斜率与纵截距,C,,静态图或PDF更适合核对核心条件与结论；常见误区：忽略斜率不存在；未发现必须连续呈现的独立关系，暂缓GIF。,1,2,2,5,19,待确认（未使用频率统计）,10_junior_basics/J027_linear_function_slope_intercept/meta.json; 10_junior_basics/J027_linear_function_slope_intercept/01_statement.tex; 10_junior_basics/J027_linear_function_slope_intercept/05_traps.tex,,no,,,暂缓：静态优先
J028,10_junior_basics,10_junior_basics/J028_inverse_variation_area_k,反比例函数系数k的几何意义,A,动态追踪旋转、相似、轨迹或最短路径构造随动点改变，静态页难同时呈现全过程与边界,旋转、相似、轨迹或最短路径构造随动点改变；常见误区：面积未取绝对值。,3,3,3,4,31,待确认（未使用频率统计）,10_junior_basics/J028_inverse_variation_area_k/meta.json; 10_junior_basics/J028_inverse_variation_area_k/01_statement.tex; 10_junior_basics/J028_inverse_variation_area_k/05_traps.tex,,no,,,第一轮候补
J029,10_junior_basics,10_junior_basics/J029_quadratic_trinomial_completing_square,二次三项式配方恒等式,B,逐步显露代数公式或固定判定可分步显示，有助于看清先后依赖；连续运动收益有限,代数公式或固定判定可分步显示；常见误区：遗漏系数a。,2,3,3,4,27,待确认（未使用频率统计）,10_junior_basics/J029_quadratic_trinomial_completing_square/meta.json; 10_junior_basics/J029_quadratic_trinomial_completing_square/01_statement.tex; 10_junior_basics/J029_quadratic_trinomial_completing_square/05_traps.tex,,no,,,第一轮候补
J030,10_junior_basics,10_junior_basics/J030_point_reflection_perpendicular_bisector,点关于直线对称的垂直平分线性质,C,,静态图或PDF更适合核对核心条件与结论；常见误区：遗漏垂直条件；未发现必须连续呈现的独立关系，暂缓GIF。,1,2,2,5,19,待确认（未使用频率统计）,10_junior_basics/J030_point_reflection_perpendicular_bisector/meta.json; 10_junior_basics/J030_point_reflection_perpendicular_bisector/01_statement.tex; 10_junior_basics/J030_point_reflection_perpendicular_bisector/05_traps.tex,,no,,,暂缓：静态优先
J031,10_junior_basics,10_junior_basics/J031_rotation_congruence,旋转中的全等（保距保角）,A,动态追踪旋转、相似、轨迹或最短路径构造随动点改变，静态页难同时呈现全过程与边界,旋转、相似、轨迹或最短路径构造随动点改变；常见误区：对应点混淆。,3,3,3,4,31,待确认（未使用频率统计）,10_junior_basics/J031_rotation_congruence/meta.json; 10_junior_basics/J031_rotation_congruence/01_statement.tex; 10_junior_basics/J031_rotation_congruence/05_traps.tex,,no,,,第一轮候补
J032,10_junior_basics,10_junior_basics/J032_reflection_min_distance_sum,将军饮马模型（对称点法求距离和最小值）,A,动态追踪旋转、相似、轨迹或最短路径构造随动点改变，静态页难同时呈现全过程与边界,旋转、相似、轨迹或最短路径构造随动点改变；常见误区：忽略对称。,4,4,4,5,41,待确认（未使用频率统计）,10_junior_basics/J032_reflection_min_distance_sum/meta.json; 10_junior_basics/J032_reflection_min_distance_sum/01_statement.tex; 10_junior_basics/J032_reflection_min_distance_sum/05_traps.tex; 02_explanation.tex; 03_proof.tex; 04_examples.tex; 06_summary.tex (same directory),,yes,,8,Top 10 候选
J033,10_junior_basics,10_junior_basics/J033_weighted_distance_minimum,胡不归模型（ 型最值）,A,动态追踪旋转、相似、轨迹或最短路径构造随动点改变，静态页难同时呈现全过程与边界,旋转、相似、轨迹或最短路径构造随动点改变；常见误区：系数范围误判。 暂缓：构造射线与直线的夹角不能保证任意P都有PK=k·PA。,5,4,3,1,39,待确认（未使用频率统计）,10_junior_basics/J033_weighted_distance_minimum/meta.json; 10_junior_basics/J033_weighted_distance_minimum/01_statement.tex; 10_junior_basics/J033_weighted_distance_minimum/05_traps.tex; 02_explanation.tex; 03_proof.tex; 04_examples.tex; 06_summary.tex (same directory),,yes,暂缓：构造射线与直线的夹角不能保证任意P都有PK=k·PA,,数学核验前暂缓
J034,10_junior_basics,10_junior_basics/J034_apollonius_circle,阿波罗尼斯圆（定点定比轨迹圆）,A,动态追踪旋转、相似、轨迹或最短路径构造随动点改变，静态页难同时呈现全过程与边界,旋转、相似、轨迹或最短路径构造随动点改变；常见误区：$k=1$ 特例。,3,3,3,4,31,待确认（未使用频率统计）,10_junior_basics/J034_apollonius_circle/meta.json; 10_junior_basics/J034_apollonius_circle/01_statement.tex; 10_junior_basics/J034_apollonius_circle/05_traps.tex,,no,,,第一轮候补
J035,10_junior_basics,10_junior_basics/J035_rotation_scaling_locus,瓜豆原理（主从联动）旋转缩放轨迹,A,动态追踪旋转、相似、轨迹或最短路径构造随动点改变，静态页难同时呈现全过程与边界,旋转、相似、轨迹或最短路径构造随动点改变；常见误区：旋转方向误用。 需先修正直线参数式漏掉的固定基点z₀。,5,4,4,4,44,待确认（未使用频率统计）,10_junior_basics/J035_rotation_scaling_locus/meta.json; 10_junior_basics/J035_rotation_scaling_locus/01_statement.tex; 10_junior_basics/J035_rotation_scaling_locus/05_traps.tex; 02_explanation.tex; 03_proof.tex; 04_examples.tex; 06_summary.tex (same directory),,yes,需先修正直线参数式漏掉的固定基点z₀,,数学核验前暂缓
J036,10_junior_basics,10_junior_basics/J036_fermat_point_min_distance,费马点定理,A,动态追踪旋转、相似、轨迹或最短路径构造随动点改变，静态页难同时呈现全过程与边界,旋转、相似、轨迹或最短路径构造随动点改变；常见误区：点性质混淆。,3,3,3,4,31,待确认（未使用频率统计）,10_junior_basics/J036_fermat_point_min_distance/meta.json; 10_junior_basics/J036_fermat_point_min_distance/01_statement.tex; 10_junior_basics/J036_fermat_point_min_distance/05_traps.tex,,no,,,第一轮候补
J037,10_junior_basics,10_junior_basics/J037_bridge_crossing_translation,造桥选址模型（平行线间折线最短路径）,A,动态追踪旋转、相似、轨迹或最短路径构造随动点改变，静态页难同时呈现全过程与边界,旋转、相似、轨迹或最短路径构造随动点改变；常见误区：忽略桥长。,3,3,3,4,31,待确认（未使用频率统计）,10_junior_basics/J037_bridge_crossing_translation/meta.json; 10_junior_basics/J037_bridge_crossing_translation/01_statement.tex; 10_junior_basics/J037_bridge_crossing_translation/05_traps.tex,,no,,,第一轮候补
J038,10_junior_basics,10_junior_basics/J038_isosceles_rotation_congruence,手拉手模型（旋转全等）,A,动态追踪旋转、相似、轨迹或最短路径构造随动点改变，静态页难同时呈现全过程与边界,旋转、相似、轨迹或最短路径构造随动点改变；常见误区：条件遗漏。,3,3,3,4,31,待确认（未使用频率统计）,10_junior_basics/J038_isosceles_rotation_congruence/meta.json; 10_junior_basics/J038_isosceles_rotation_congruence/01_statement.tex; 10_junior_basics/J038_isosceles_rotation_congruence/05_traps.tex,,no,,,第一轮候补
J039,10_junior_basics,10_junior_basics/J039_median_extension,倍长中线法,C,,静态图或PDF更适合核对核心条件与结论；常见误区：SSA误用；未发现必须连续呈现的独立关系，暂缓GIF。,1,2,2,5,19,待确认（未使用频率统计）,10_junior_basics/J039_median_extension/meta.json; 10_junior_basics/J039_median_extension/01_statement.tex; 10_junior_basics/J039_median_extension/05_traps.tex,,no,,,暂缓：静态优先
J040,10_junior_basics,10_junior_basics/J040_cut_extend_construction,截长补短辅助线法,C,,静态图或PDF更适合核对核心条件与结论；常见误区：截长法误用；未发现必须连续呈现的独立关系，暂缓GIF。,1,2,2,5,19,待确认（未使用频率统计）,10_junior_basics/J040_cut_extend_construction/meta.json; 10_junior_basics/J040_cut_extend_construction/01_statement.tex; 10_junior_basics/J040_cut_extend_construction/05_traps.tex,,no,,,暂缓：静态优先
J041,10_junior_basics,10_junior_basics/J041_square_half_angle_segment_sum,正方形45°半角模型,A,动态追踪旋转、相似、轨迹或最短路径构造随动点改变，静态页难同时呈现全过程与边界,旋转、相似、轨迹或最短路径构造随动点改变；常见误区：条件限制忽略。,3,3,3,4,31,待确认（未使用频率统计）,10_junior_basics/J041_square_half_angle_segment_sum/meta.json; 10_junior_basics/J041_square_half_angle_segment_sum/01_statement.tex; 10_junior_basics/J041_square_half_angle_segment_sum/05_traps.tex,,no,,,第一轮候补
J042,10_junior_basics,10_junior_basics/J042_cyclic_quadrilateral_rotation_congruence,对角互补模型（四点共圆与旋转全等）,A,动态追踪旋转、相似、轨迹或最短路径构造随动点改变，静态页难同时呈现全过程与边界,旋转、相似、轨迹或最短路径构造随动点改变；常见误区：遗漏对角互补条件。,3,3,3,4,31,待确认（未使用频率统计）,10_junior_basics/J042_cyclic_quadrilateral_rotation_congruence/meta.json; 10_junior_basics/J042_cyclic_quadrilateral_rotation_congruence/01_statement.tex; 10_junior_basics/J042_cyclic_quadrilateral_rotation_congruence/05_traps.tex,,no,,,第一轮候补
J043,10_junior_basics,10_junior_basics/J043_equilateral_triangle_rotation_relation,正三角形鸡爪模型（旋转构造）,A,动态追踪旋转、相似、轨迹或最短路径构造随动点改变，静态页难同时呈现全过程与边界,旋转、相似、轨迹或最短路径构造随动点改变；常见误区：角度差方向。,3,3,3,4,31,待确认（未使用频率统计）,10_junior_basics/J043_equilateral_triangle_rotation_relation/meta.json; 10_junior_basics/J043_equilateral_triangle_rotation_relation/01_statement.tex; 10_junior_basics/J043_equilateral_triangle_rotation_relation/05_traps.tex,,no,,,第一轮候补
J044,10_junior_basics,10_junior_basics/J044_angle_bisector_auxiliary_models,角平分线的四大辅助线模型,C,,静态图或PDF更适合核对核心条件与结论；常见误区：垂两边误用；未发现必须连续呈现的独立关系，暂缓GIF。,1,2,2,5,19,待确认（未使用频率统计）,10_junior_basics/J044_angle_bisector_auxiliary_models/meta.json; 10_junior_basics/J044_angle_bisector_auxiliary_models/01_statement.tex; 10_junior_basics/J044_angle_bisector_auxiliary_models/05_traps.tex,,no,,,暂缓：静态优先
J045,10_junior_basics,10_junior_basics/J045_triangle_midpoint_median_centroid,三角形中点、中线、重心性质汇总,A,动态追踪旋转、相似、轨迹或最短路径构造随动点改变，静态页难同时呈现全过程与边界,旋转、相似、轨迹或最短路径构造随动点改变；常见误区：公式符号混淆。,3,3,3,4,31,待确认（未使用频率统计）,10_junior_basics/J045_triangle_midpoint_median_centroid/meta.json; 10_junior_basics/J045_triangle_midpoint_median_centroid/01_statement.tex; 10_junior_basics/J045_triangle_midpoint_median_centroid/05_traps.tex,,no,,,第一轮候补
J046,10_junior_basics,10_junior_basics/J046_isosceles_existence_two_circles_one_line,等腰三角形存在性的两圆一线法,A,动态追踪旋转、相似、轨迹或最短路径构造随动点改变，静态页难同时呈现全过程与边界,旋转、相似、轨迹或最短路径构造随动点改变；常见误区：分类遗漏。,3,3,3,4,31,待确认（未使用频率统计）,10_junior_basics/J046_isosceles_existence_two_circles_one_line/meta.json; 10_junior_basics/J046_isosceles_existence_two_circles_one_line/01_statement.tex; 10_junior_basics/J046_isosceles_existence_two_circles_one_line/05_traps.tex,,no,,,第一轮候补
J047,10_junior_basics,10_junior_basics/J047_right_triangle_two_lines_circle,两线一圆法：直角三角形动点轨迹,A,动态追踪旋转、相似、轨迹或最短路径构造随动点改变，静态页难同时呈现全过程与边界,旋转、相似、轨迹或最短路径构造随动点改变；常见误区：重合点误判。 需补充A≠B并排除退化顶点。,4,4,3,4,38,待确认（未使用频率统计）,10_junior_basics/J047_right_triangle_two_lines_circle/meta.json; 10_junior_basics/J047_right_triangle_two_lines_circle/01_statement.tex; 10_junior_basics/J047_right_triangle_two_lines_circle/05_traps.tex; 02_explanation.tex; 03_proof.tex; 04_examples.tex; 06_summary.tex (same directory),,yes,需补充A≠B并排除退化顶点,,数学核验前暂缓
J048,10_junior_basics,10_junior_basics/J048_parallelogram_opposite_vertex_sum,平行四边形第四个顶点坐标（对点坐标和相等）,A,动态追踪旋转、相似、轨迹或最短路径构造随动点改变，静态页难同时呈现全过程与边界,旋转、相似、轨迹或最短路径构造随动点改变；常见误区：三点共线。,3,3,3,4,31,待确认（未使用频率统计）,10_junior_basics/J048_parallelogram_opposite_vertex_sum/meta.json; 10_junior_basics/J048_parallelogram_opposite_vertex_sum/01_statement.tex; 10_junior_basics/J048_parallelogram_opposite_vertex_sum/05_traps.tex,,no,,,第一轮候补
J049,10_junior_basics,10_junior_basics/J049_triangle_similarity_proportion_cases,相似三角形比例式分类（D在AB上E在AC上）,C,,静态图或PDF更适合核对核心条件与结论；常见误区：忽视分类；未发现必须连续呈现的独立关系，暂缓GIF。,1,2,2,5,19,待确认（未使用频率统计）,10_junior_basics/J049_triangle_similarity_proportion_cases/meta.json; 10_junior_basics/J049_triangle_similarity_proportion_cases/01_statement.tex; 10_junior_basics/J049_triangle_similarity_proportion_cases/05_traps.tex,,no,,,暂缓：静态优先
J050,10_junior_basics,10_junior_basics/J050_area_bisection_centroid,面积等分与重心法,A,动态追踪旋转、相似、轨迹或最短路径构造随动点改变，静态页难同时呈现全过程与边界,旋转、相似、轨迹或最短路径构造随动点改变；常见误区：过重心都平分。,3,3,3,4,31,待确认（未使用频率统计）,10_junior_basics/J050_area_bisection_centroid/meta.json; 10_junior_basics/J050_area_bisection_centroid/01_statement.tex; 10_junior_basics/J050_area_bisection_centroid/05_traps.tex,,no,,,第一轮候补
J051,10_junior_basics,10_junior_basics/J051_special_product_formulas,乘法公式（平方差、完全平方、立方和差）,B,逐步显露代数公式或固定判定可分步显示，有助于看清先后依赖；连续运动收益有限,代数公式或固定判定可分步显示；常见误区：公式类型混淆。,2,3,3,4,27,待确认（未使用频率统计）,10_junior_basics/J051_special_product_formulas/meta.json; 10_junior_basics/J051_special_product_formulas/01_statement.tex; 10_junior_basics/J051_special_product_formulas/05_traps.tex,,no,,,第一轮候补
J052,10_junior_basics,10_junior_basics/J052_monic_quadratic_cross_factor,十字相乘法（首项系数为1）,B,逐步显露代数公式或固定判定可分步显示，有助于看清先后依赖；连续运动收益有限,代数公式或固定判定可分步显示；常见误区：符号混淆。,2,3,3,4,27,待确认（未使用频率统计）,10_junior_basics/J052_monic_quadratic_cross_factor/meta.json; 10_junior_basics/J052_monic_quadratic_cross_factor/01_statement.tex; 10_junior_basics/J052_monic_quadratic_cross_factor/05_traps.tex,,no,,,第一轮候补
J053,10_junior_basics,10_junior_basics/J053_vieta_formula,韦达定理（根与系数关系）,B,逐步显露代数公式或固定判定可分步显示，有助于看清先后依赖；连续运动收益有限,代数公式或固定判定可分步显示；常见误区：实根前提。,2,3,3,4,27,待确认（未使用频率统计）,10_junior_basics/J053_vieta_formula/meta.json; 10_junior_basics/J053_vieta_formula/01_statement.tex; 10_junior_basics/J053_vieta_formula/05_traps.tex,,no,,,第一轮候补
J054,10_junior_basics,10_junior_basics/J054_nonnegative_sum_zero_all_zero,非负数之和为零则每项为零,B,逐步显露代数公式或固定判定可分步显示，有助于看清先后依赖；连续运动收益有限,代数公式或固定判定可分步显示；常见误区：忽视非负前提。,2,3,3,4,27,待确认（未使用频率统计）,10_junior_basics/J054_nonnegative_sum_zero_all_zero/meta.json; 10_junior_basics/J054_nonnegative_sum_zero_all_zero/01_statement.tex; 10_junior_basics/J054_nonnegative_sum_zero_all_zero/05_traps.tex,,no,,,第一轮候补
J055,10_junior_basics,10_junior_basics/J055_quadratic_discriminant_intersection_extremum,判别式Δ与二次函数交点个数及最值,C,,静态图或PDF更适合核对核心条件与结论；常见误区：忽略 $a0$；未发现必须连续呈现的独立关系，暂缓GIF。,1,2,2,5,19,待确认（未使用频率统计）,10_junior_basics/J055_quadratic_discriminant_intersection_extremum/meta.json; 10_junior_basics/J055_quadratic_discriminant_intersection_extremum/01_statement.tex; 10_junior_basics/J055_quadratic_discriminant_intersection_extremum/05_traps.tex,,no,,,暂缓：静态优先
